{
    "bids": {
        "0.2526": 2211.897173,
        "0.2527": 1871.6053,
        "0.2528": 2677.522675,
        "0.2529": 1191.021555,
        "0.253": 1423.075697,
        "0.2531": 1147.276933,
        "0.2532": 382.673334,
        "0.2533": 573.336432,
        "0.2535": 382.224288,
        "0.2536": 382.073569,
        "0.2537": 381.91915
    },
    "asks": {
        "0.2544": 380.87208,
        "0.2545": 380.718618,
        "0.2546": 1237.83426,
        "0.2547": 1237.335508,
        "0.2548": 2475.070604,
        "0.2549": 464.779533,
        "0.255": 4134.833796,
        "0.2551": 1521.096656,
        "0.2552": 5667.838935,
        "0.2553": 1056.317122,
        "0.2554": 1140.822492,
        "0.2555": 2195.394419,
        "0.4": 269.301425,
        "0.5249": 1167.645094,
        "0.9": 130.0,
        "1.2": 4756.230761,
        "1.52": 3438.444444,
        "1.6": 520.0,
        "7.02": 46.787633
    },
    "ts": "1739194168502"
}