{
    "bids": {
        "0.02875": 34662.04,
        "0.02876": 34650.03,
        "0.02877": 104058.24,
        "0.02878": 34662.04,
        "0.02879": 34650.03,
        "0.0288": 34662.04,
        "0.02881": 95329.63,
        "0.02882": 34662.04,
        "0.02883": 34650.03,
        "0.02884": 17337.02,
        "0.02885": 34662.04,
        "0.02886": 34650.03
    },
    "asks": {
        "0.02896": 34530.37,
        "0.02897": 34518.46,
        "0.02899": 34530.37,
        "0.029": 34518.46,
        "0.02901": 51765.8,
        "0.02902": 51747.95,
        "0.02903": 34530.37,
        "0.02904": 94821.67,
        "0.02906": 34530.37,
        "0.02907": 34518.46,
        "0.02908": 103341.36
    },
    "ts": "1739217557700"
}