{
    "bids": {
        "0.0001": 10.0,
        "0.001": 605.87393,
        "0.01": 14.683089,
        "0.0129": 760.453,
        "0.0135": 14.683089,
        "0.017": 14.683089,
        "0.02": 504.215071,
        "0.0205": 14.683089,
        "0.02058": 11.20093,
        "0.024": 14.683089,
        "0.0275": 14.683089,
        "0.028": 4602.511845,
        "0.03": 11.590829,
        "0.03068": 11.590829,
        "0.031": 14.683089,
        "0.03139": 11.590829,
        "0.0321": 11.590829,
        "0.03284": 11.590829,
        "0.03359": 11.590829,
        "0.03436": 11.590829,
        "0.0345": 14.683089,
        "0.03515": 11.590829,
        "0.03596": 11.590829,
        "0.03678": 11.590829,
        "0.03762": 11.590829,
        "0.038": 14.683089,
        "0.03848": 11.590829,
        "0.03937": 11.590829,
        "0.04": 21.569097,
        "0.04017": 11.20093,
        "0.04027": 11.590829,
        "0.04119": 11.590829,
        "0.0415": 14.683089,
        "0.042": 21.569097,
        "0.04213": 11.590829,
        "0.0431": 11.590829,
        "0.044": 21.569097,
        "0.04409": 11.590829,
        "0.045": 14.683089,
        "0.0451": 11.590829,
        "0.046": 21.569097,
        "0.04613": 11.590829,
        "0.04719": 11.590829,
        "0.048": 21.569097,
        "0.04827": 11.590829,
        "0.0485": 14.683089,
        "0.04937": 11.590829,
        "0.05": 33.619097,
        "0.05051": 11.590829,
        "0.05166": 11.590829,
        "0.052": 36.252186,
        "0.05285": 11.590829,
        "0.054": 21.569097,
        "0.05404": 370.0,
        "0.05406": 11.590829,
        "0.0553": 11.590829,
        "0.0555": 14.683089,
        "0.056": 21.569097,
        "0.05656": 11.590829,
        "0.05786": 11.590829,
        "0.058": 21.569097,
        "0.059": 14.683089,
        "0.05918": 11.590829,
        "0.05976": 11.20093,
        "0.06": 3641.230007,
        "0.06054": 11.590829,
        "0.06193": 11.590829,
        "0.062": 21.569097,
        "0.0625": 14.683089,
        "0.063": 224.359301,
        "0.06335": 11.590829,
        "0.064": 271.569097,
        "0.06458": 10.143025,
        "0.0648": 11.590829,
        "0.065": 597.847602,
        "0.06559": 10.143025,
        "0.066": 36.252186,
        "0.06628": 11.590829,
        "0.0666": 10.143025,
        "0.06762": 10.143025,
        "0.06772": 444.001447,
        "0.0678": 11.590829,
        "0.068": 271.569097,
        "0.06863": 10.143025,
        "0.06936": 11.590829,
        "0.0695": 14.683089,
        "0.06965": 10.143025,
        "0.07": 480.80879,
        "0.07044": 444.001447,
        "0.07066": 10.143025,
        "0.07094": 11.590829,
        "0.07168": 10.143025,
        "0.072": 293.183107,
        "0.0725": 334.777809,
        "0.07257": 11.590829,
        "0.07269": 10.143025,
        "0.073": 14.683089,
        "0.07317": 444.001447,
        "0.07371": 10.143025,
        "0.074": 21.569097,
        "0.07423": 11.590829,
        "0.07472": 10.143025,
        "0.075": 1696.075597,
        "0.0751": 250.0,
        "0.07574": 10.143025,
        "0.07589": 444.001447,
        "0.07593": 11.590829,
        "0.076": 271.569097,
        "0.0765": 14.683089,
        "0.07675": 10.143025,
        "0.0775": 334.777809,
        "0.07767": 11.590829,
        "0.07777": 10.143025,
        "0.078": 21.569097,
        "0.07861": 444.001447,
        "0.07878": 10.143025,
        "0.07916": 30.570329,
        "0.07945": 11.590829,
        "0.0798": 10.143025,
        "0.08": 621.029995,
        "0.08081": 10.143025,
        "0.08127": 11.590829,
        "0.08133": 444.001447,
        "0.08183": 10.143025,
        "0.082": 21.569097,
        "0.0825": 334.777809,
        "0.08284": 10.143025,
        "0.083": 10.046175,
        "0.08314": 11.590829,
        "0.08343": 560.322353,
        "0.08347": 7150.0,
        "0.0835": 14.683089,
        "0.08354": 10.046175,
        "0.08367": 584.98596,
        "0.08378": 139.165101,
        "0.08386": 10.143025,
        "0.084": 271.569097,
        "0.08406": 444.001447,
        "0.08408": 10.046175,
        "0.08421": 813.813762,
        "0.08422": 170.0,
        "0.08433": 1030.0,
        "0.08444": 693.349453,
        "0.08445": 170.0,
        "0.08447": 44.365565,
        "0.0845": 768.454667,
        "0.08451": 1200.0,
        "0.08462": 10.046175,
        "0.08466": 790.519806,
        "0.08467": 170.0,
        "0.08487": 10.143025,
        "0.08498": 778.22301,
        "0.085": 346.542514,
        "0.08504": 11.590829,
        "0.08516": 10.046175,
        "0.08519": 738.558189,
        "0.0852": 820.768628,
        "0.08524": 743.02575,
        "0.08525": 7150.0,
        "0.0854": 3486.219777,
        "0.0857": 907.568749,
        "0.08589": 10.143025,
        "0.086": 21.569097,
        "0.08624": 10.046175,
        "0.08625": 3058.195054,
        "0.0863": 250.0,
        "0.08649": 2594.648014,
        "0.0866": 250.0,
        "0.0867": 250.0,
        "0.08678": 10.046175,
        "0.0868": 250.0,
        "0.08681": 977.285282,
        "0.0869": 10.143025,
        "0.087": 180.0,
        "0.08701": 15.0,
        "0.08705": 15.0,
        "0.08709": 15.0,
        "0.0871": 250.0,
        "0.08713": 15.0,
        "0.08714": 3537.944454,
        "0.08717": 15.0,
        "0.0872": 250.0,
        "0.08721": 15.0,
        "0.08722": 10400.0,
        "0.08724": 5148.410656,
        "0.08725": 15.0,
        "0.08726": 3537.944454,
        "0.08727": 1282.978401,
        "0.08729": 15.0,
        "0.0873": 430.0,
        "0.08732": 10.046175,
        "0.08733": 15.0,
        "0.08734": 3537.944454,
        "0.08735": 962.40942,
        "0.08737": 15.0,
        "0.0874": 3787.944454,
        "0.08741": 15.0,
        "0.08745": 15.0,
        "0.08747": 3537.944454,
        "0.08749": 15.0,
        "0.0875": 180.0,
        "0.08753": 15.0,
        "0.08755": 1130.980181,
        "0.08757": 3552.944454,
        "0.08761": 15.0,
        "0.08762": 169.821411,
        "0.08763": 3537.944454,
        "0.08764": 8949.426187,
        "0.08765": 7590.922485,
        "0.08769": 3552.944454,
        "0.0877": 60000.0,
        "0.08773": 650.0,
        "0.08777": 3552.944454,
        "0.08778": 624.060533,
        "0.0878": 227.169468,
        "0.08781": 15.0,
        "0.08783": 3537.944454,
        "0.08785": 15.0,
        "0.08786": 10.046175,
        "0.08789": 398.470963,
        "0.0879": 3552.944454,
        "0.08791": 15.0,
        "0.08792": 15.0,
        "0.08793": 30.0,
        "0.08794": 15.0,
        "0.08795": 15.0,
        "0.08796": 3552.944454,
        "0.08797": 530.0,
        "0.08798": 1406.551293,
        "0.08799": 15.0,
        "0.088": 15.0,
        "0.08801": 30.0,
        "0.08802": 15.0,
        "0.08803": 15.0,
        "0.08804": 15.0,
        "0.08805": 30.0
    },
    "asks": {
        "0.08809": 15.0,
        "0.0881": 15.0,
        "0.08811": 15.0,
        "0.08812": 94.671061,
        "0.08813": 869.997539,
        "0.08814": 15.0,
        "0.08815": 15.0,
        "0.08816": 2195.311394,
        "0.08817": 3567.944454,
        "0.08818": 3463.804445,
        "0.08819": 8965.950272,
        "0.0882": 15.0,
        "0.08821": 30.0,
        "0.08822": 5185.786263,
        "0.08823": 3552.944454,
        "0.08824": 7434.311343,
        "0.08825": 15.0,
        "0.08827": 5959.009373,
        "0.08828": 60120.0,
        "0.08829": 15.0,
        "0.0883": 3537.944454,
        "0.08833": 15.0,
        "0.08837": 15.0,
        "0.08838": 3537.944454,
        "0.0884": 180.0,
        "0.08841": 454.846617,
        "0.08843": 172.58805,
        "0.08844": 3537.944454,
        "0.08845": 15.0,
        "0.08849": 15.0,
        "0.0885": 3537.944454,
        "0.08853": 15.0,
        "0.08856": 3537.944454,
        "0.08857": 15.0,
        "0.0886": 540.0,
        "0.08861": 15.0,
        "0.08863": 706.861704,
        "0.08865": 3552.944454,
        "0.08869": 15.0,
        "0.0887": 900.0,
        "0.08871": 3537.944454,