{
    "bids": {
        "24.997": 235.294117,
        "25.072": 235.432607,
        "25.148": 235.525024,
        "25.15": 235.849056,
        "25.227": 235.441845,
        "25.304": 319.344072,
        "25.336": 299.893478,
        "25.361": 118.059108,
        "25.365": 291.214966,
        "25.368": 39.332913,
        "25.396": 39.332913,
        "25.401": 68.824476,
        "25.406": 251.320858,
        "25.419": 59.010149,
        "25.424": 39.332913,
        "25.427": 19.664136
    },
    "asks": {
        "25.504": 19.604767,
        "25.505": 39.207998,
        "25.529": 68.616684,
        "25.533": 39.207998,
        "25.547": 117.665514,
        "25.561": 39.207998,
        "40.0": 11.145495,
        "223.0": 0.5629,
        "235.0": 1.6889,
        "245.0": 1.1259,
        "257.0": 2.2519,
        "299.5": 2.8149,
        "342.0": 2.815378
    },
    "ts": "1739194134009"
}