{
    "bids": {
        "0.003": 225.0,
        "0.004": 25000.0,
        "3.9": 5.0,
        "4.23": 141.542816,
        "4.231": 141.542816,
        "4.232": 141.509433,
        "4.234": 51.546392,
        "4.235": 141.542816,
        "4.236": 141.509433,
        "4.237": 118.008024,
        "4.239": 141.542816,
        "4.24": 141.509433,
        "4.241": 117.896722,
        "4.243": 141.40938,
        "4.25": 571.917333,
        "4.251": 96.447894
    },
    "asks": {
        "4.284": 116.713352,
        "4.285": 116.686114,
        "4.286": 116.658889,
        "4.287": 51.546392,
        "4.288": 139.925373,
        "4.289": 51.528282,
        "4.29": 139.860139,
        "4.291": 139.827546,
        "4.293": 139.925373,
        "4.294": 139.892748,
        "4.295": 139.860139,
        "4.296": 139.827546,
        "4.297": 139.925373,
        "4.298": 139.892748,
        "4.299": 139.860139,
        "4.3": 139.827546,
        "4.314": 11.541516,
        "4.5": 13.102951,
        "5.14": 349.475523,
        "6.7": 101.630022,
        "7.104": 0.37,
        "8.39": 1.2,
        "9.0": 76.50563,
        "11.5": 65.215088,
        "13.0": 1.619027,
        "16.0": 2.473347,
        "19.0": 25.803461,
        "20.0": 10.326079,
        "25.671": 2.433261,
        "29.5": 25.803462,
        "40.0": 1.5,
        "42.0": 0.785872,
        "57.0": 69.261159,
        "65.0": 0.785872,
        "70.0": 0.51,
        "85.0": 2.095657,
        "100.0": 0.5,
        "130.0": 164.29562,
        "150.0": 83.14385,
        "160.0": 0.518927,
        "170.0": 82.147811,
        "240.0": 69.261158
    },
    "ts": "1739194168502"
}