{
    "bids": {
        "0.0001": 100010.791751,
        "0.0008": 10.0,
        "0.0104": 2693.571429,
        "0.0343": 24.920034,
        "0.0411": 4464.285714,
        "0.05": 12.0,
        "0.0501": 132.0,
        "0.0502": 144.0,
        "0.0503": 132.0,
        "0.0504": 60.0,
        "0.0505": 252.0,
        "0.06": 15013.179397,
        "0.0638": 13.179397,
        "0.0679": 13.179397,
        "0.07": 272.903,
        "0.0722": 13.179397,
        "0.076": 260.0,
        "0.0768": 13.179397,
        "0.08": 11375.0,
        "0.0817": 13.179397,
        "0.0869": 13.179397,
        "0.09": 3422.222222,
        "0.0925": 13.179397,
        "0.0984": 13.179397,
        "0.1": 10115.0,
        "0.1044": 390.61175,
        "0.1047": 13.179397,
        "0.105": 6.320304,
        "0.11": 21495.303986,
        "0.1111": 10.791751,
        "0.1113": 1300.0,
        "0.1114": 13.179397,
        "0.1129": 10.079259,
        "0.115": 178.3,
        "0.1158": 10.079259,
        "0.1185": 13.179397,
        "0.1187": 10.079259,
        "0.1191": 110.2,
        "0.12": 8188.115125,
        "0.1216": 10.079259,
        "0.1245": 10.079259,
        "0.126": 13.179397,
        "0.1273": 20.261289,
        "0.1274": 10.079259,
        "0.1297": 771.010023,
        "0.13": 17687.579078,
        "0.1303": 10.079259,
        "0.1305": 20.261289,
        "0.1309": 687.547746,
        "0.1316": 11.448459,
        "0.1332": 10.079259,
        "0.1333": 15.00375,
        "0.1338": 20.261289,
        "0.1341": 13.179397,
        "0.1361": 10.079259,
        "0.1371": 20.261289,
        "0.1377": 290.486564,
        "0.1388": 200.0,
        "0.139": 10.079259,
        "0.14": 8238.207829,
        "0.1404": 20.261289,
        "0.1408": 15.046098,
        "0.1419": 10.079259,
        "0.1426": 13.179397,
        "0.143": 25.073187,
        "0.1432": 11.448459,
        "0.1436": 20.261289,
        "0.1444": 13.850415,
        "0.1448": 10.079259,
        "0.1469": 20.261289,
        "0.1471": 10.197144,
        "0.1473": 25.073187,
        "0.1477": 10.079259,
        "0.1487": 2610.112418,
        "0.1489": 986.342245,
        "0.15": 131.225011,
        "0.1502": 20.261289,
        "0.1506": 10.079259,
        "0.1511": 10.093156,
        "0.1514": 10.034482,
        "0.1517": 13.179397,
        "0.1518": 25.073187,
        "0.1526": 13.48418,
        "0.1532": 10.257532,
        "0.1535": 30.340548,
        "0.1537": 41.848033,
        "0.1548": 11.448459,
        "0.1552": 64.432989,
        "0.1555": 173.63344,
        "0.1564": 35.152446,
        "0.1567": 20.261289,
        "0.1573": 10.112418,
        "0.1575": 41.848033,
        "0.1593": 10.079259,
        "0.16": 20.261289,
        "0.1601": 10.034482,
        "0.1602": 62.421971,
        "0.1611": 25.073187,
        "0.1614": 55.02743,
        "0.1622": 20.172415,
        "0.1633": 20.261289,
        "0.1636": 3900.0,
        "0.1643": 12.156334,
        "0.1644": 175.145628,
        "0.1651": 10.079259,
        "0.1654": 41.848033,
        "0.166": 25.073187,
        "0.1664": 21.560877,
        "0.1665": 10.257532,
        "0.1666": 20.261289,
        "0.168": 1200.555449,
        "0.1682": 10.0,
        "0.169": 118.343195,
        "0.1693": 10.034482,
        "0.1695": 100.838933,
        "0.1698": 41.103299,
        "0.17": 457.419707,
        "0.1702": 2600.0,
        "0.1703": 58.7138,
        "0.1705": 175.9347,
        "0.1706": 58.6105,
        "0.1709": 10.079259,
        "0.171": 455.649467,
        "0.1713": 58.371,
        "0.1722": 388.24671,
        "0.1724": 4042.737511,
        "0.1725": 383.165183,
        "0.1726": 4042.737511,
        "0.1728": 4042.737511,
        "0.173": 4042.737511,
        "0.1731": 20.261289,
        "0.1732": 4042.737511,
        "0.1734": 4444.059227,
        "0.1736": 4042.737511,
        "0.1737": 161.848033,
        "0.1738": 9141.258573,
        "0.174": 7437.765763,
        "0.1741": 561.832722,
        "0.1742": 4042.737511,
        "0.1743": 120.0,
        "0.1744": 4042.737511,
        "0.1746": 4042.737511,
        "0.1747": 120.0,
        "0.1748": 4042.737511,
        "0.1749": 120.0,
        "0.175": 3534.360984,
        "0.1751": 8280.454512,
        "0.1753": 4042.737511,
        "0.1755": 4042.737511,
        "0.1756": 120.0,
        "0.1757": 4042.737511,
        "0.1759": 7827.718963,
        "0.176": 10.1,
        "0.1761": 4294.737511,
        "0.1762": 667.160806,
        "0.1763": 8133.784944,
        "0.1764": 272.261289,
        "0.1765": 4294.737511,
        "0.1766": 252.0,
        "0.1767": 11613.539465,
        "0.1768": 10421.220138,
        "0.1769": 4544.737511,
        "0.177": 252.0,
        "0.1771": 4494.737511,
        "0.1772": 4616.013933,
        "0.1773": 4444.737511,
        "0.1774": 4991.534558,
        "0.1775": 18527.737511,
        "0.1776": 21626.835326,
        "0.1777": 4444.737511,
        "0.1778": 58439.059388,
        "0.1779": 14324.939917,
        "0.178": 3743.588402,
        "0.1781": 18794.133581,
        "0.1782": 43304.305552,
        "0.1783": 42095.132939,
        "0.1784": 20875.393283,
        "0.1785": 10967.186206,
        "0.1786": 1214.0,
        "0.1787": 252.0
    },
    "asks": {
        "0.1788": 752.0,
        "0.1789": 1214.0,
        "0.179": 5316.886609,
        "0.1791": 11166.108626,
        "0.1792": 18858.744375,
        "0.1793": 5617.27546,
        "0.1794": 10083.028338,
        "0.1795": 386.013933,
        "0.1796": 4042.737511,
        "0.1797": 520.027866,
        "0.1798": 4811.239296,
        "0.1799": 519.878422,
        "0.18": 4562.615933,
        "0.1801": 385.790017,
        "0.1802": 4294.737511,
        "0.1803": 385.790017,
        "0.1804": 4428.527528,
        "0.1805": 579.580034,
        "0.1806": 4562.317545,
        "0.1807": 579.878422,
        "0.1808": 4644.737511,
        "0.1809": 519.878422,
        "0.181": 4494.737511,
        "0.1811": 3938.388999,
        "0.1812": 656.013933,
        "0.1813": 4442.310667,
        "0.1814": 177.007639,
        "0.1815": 362.0,
        "0.1816": 4207.790639,
        "0.1819": 4132.737511,
        "0.1821": 90.0,
        "0.1822": 4042.737511,
        "0.1823": 4524.739306,
        "0.1825": 51.885749,
        "0.1827": 13.168853,
        "0.1829": 110.245079,
        "0.1833": 2978.070194,
        "0.1844": 45.953246,
        "0.1845": 5016.568843,
        "0.1847": 29.208282,
        "0.1849": 140.690192,
        "0.185": 3965.995882,
        "0.1853": 633.127772,
        "0.1854": 104.391241,
        "0.1857": 145.774274,
        "0.1858": 29.320869,
        "0.186": 225.048234,
        "0.1862": 30.349407,
        "0.1863": 140.781733,
        "0.1864": 53.6425,
        "0.1868": 737.845036,
        "0.187": 41.814554,
        "0.1871": 303.543162,
        "0.1874": 5360.0686,
        "0.1882": 225.048234,
        "0.1883": 10.071195,
        "0.1886": 159.0504,
        "0.1887": 52.9887,
        "0.1893": 235.0782,
        "0.1895": 20.245079,
        "0.1896": 11.43701,
        "0.1903": 225.048234,
        "0.1912": 10.071195,
        "0.1914": 225.048234,
        "0.1916": 41.814554,
        "0.1921": 143.36732,
        "0.1925": 225.048234,
        "0.1927": 25.053128,
        "0.1928": 20.245079,
        "0.193": 10.249325,
        "0.1936": 225.048234,
        "0.1941": 10.071195,
        "0.1944": 13.168853,
        "0.1946": 3.4e-05,
        "0.1955": 7975.040596,
        "0.1957": 343.253989,
        "0.196": 20.245079,
        "0.1964": 41.848033,
        "0.1965": 97.080898,
        "0.1968": 315.643159,
        "0.197": 20.175523,
        "0.1976": 88.22552,
        "0.1979": 357.865074,
        "0.1981": 132.903257,
        "0.1983": 26.514732,
        "0.1985": 28.564756,
        "0.1986": 25.073187,
        "0.1989": 225.048234,
        "0.1993": 20.245079,
        "0.1995": 28146.479747,
        "0.1999": 10.071195,
        "0.2": 9603.573386,
        "0.2001": 10.029966,
        "0.201": 400.0,