{
    "bids": {
        "1e-06": 69.5723,
        "0.000155": 0.0115,
        "0.000159": 0.0115,
        "0.000165": 0.0115,
        "0.00017": 0.0115,
        "0.000175": 0.0115,
        "0.000181": 0.0115,
        "0.000186": 0.0115,
        "0.000192": 0.0115,
        "0.000199": 0.0115,
        "0.000205": 0.0115,
        "0.000211": 0.0115,
        "0.000218": 0.0115,
        "0.000225": 0.0115,
        "0.000232": 0.0115,
        "0.00024": 0.0115,
        "0.000247": 0.0115,
        "0.000255": 0.0115,
        "0.000263": 0.0115,
        "0.000272": 0.0115,
        "0.00028": 0.0115,
        "0.000289": 0.0115,
        "0.000298": 0.0115,
        "0.000308": 0.0115,
        "0.000318": 0.0115,
        "0.000328": 0.0115,
        "0.000338": 0.0115,
        "0.000349": 0.0115,
        "0.00036": 0.0115,
        "0.000371": 0.0115,
        "0.000383": 0.0115,
        "0.000395": 0.0115,
        "0.000408": 0.0115,
        "0.000421": 0.0115,
        "0.000434": 0.0115,
        "0.000448": 0.0115,
        "0.000462": 0.0115,
        "0.000477": 0.0115,
        "0.000492": 0.0115,
        "0.000508": 0.0115,
        "0.000524": 0.0115,
        "0.000541": 0.0115,
        "0.000558": 0.0115,
        "0.000576": 0.0115,
        "0.000594": 0.0115,
        "0.000613": 0.0115,
        "0.000632": 0.0115,
        "0.000653": 0.0115,
        "0.000673": 0.0115,
        "0.000695": 0.0115,
        "0.000717": 0.0115,
        "0.000739": 0.0115,
        "0.000763": 0.0115,
        "0.000787": 0.0115,
        "0.000812": 0.0115,
        "0.000838": 0.0115,
        "0.000865": 0.0115,
        "0.000892": 0.0115,
        "0.000921": 0.0115,
        "0.00095": 0.0115,
        "0.00098": 0.0115,
        "0.001011": 0.0115,
        "0.001043": 0.0115,
        "0.001076": 0.0115,
        "0.001111": 0.0115,
        "0.001146": 0.0115,
        "0.001182": 0.0115,
        "0.00122": 0.0115,
        "0.001259": 0.0115,
        "0.001299": 0.0115,
        "0.00134": 0.0115,
        "0.001382": 0.0115,
        "0.001426": 0.0115,
        "0.001472": 0.0115,
        "0.001518": 0.0115,
        "0.001567": 0.0115,
        "0.001597": 0.0246,
        "0.001616": 0.0115,
        "0.001668": 0.0115,
        "0.001721": 0.0115,
        "0.001775": 0.0115,
        "0.001832": 0.0115,
        "0.00189": 0.0115,
        "0.00195": 0.0115,
        "0.002012": 0.0115,
        "0.002076": 0.0115,
        "0.002142": 0.0115,
        "0.00221": 0.0115,
        "0.002246": 0.0102,
        "0.00228": 0.0115,
        "0.002352": 0.0115,
        "0.002375": 0.0102,
        "0.002427": 0.0115,
        "0.002504": 0.0217,
        "0.002584": 0.0115,
        "0.002633": 0.0102,
        "0.002666": 0.0115,
        "0.0027": 0.0128,
        "0.002751": 0.0115,
        "0.002762": 0.0102,
        "0.002783": 0.0128,
        "0.002798": 0.0246,
        "0.002838": 0.0115,
        "0.002867": 2.5034,
        "0.002891": 0.0102,
        "0.002928": 0.0115,
        "0.00295": 0.0128,
        "0.003": 0.1419,
        "0.003012": 330.0,
        "0.00302": 0.0102,
        "0.003021": 0.0115,
        "0.003034": 0.0128,
        "0.003064": 0.0349,
        "0.00308": 0.025,
        "0.0031": 0.0152,
        "0.003117": 45.8518,
        "0.003129": 0.0349,
        "0.003131": 3.116,
        "0.003138": 3.116,
        "0.00314": 0.0668,
        "0.003146": 3.116,
        "0.003149": 0.0102,
        "0.003153": 3.116,
        "0.00316": 0.025,
        "0.003161": 3.116,
        "0.003168": 3.116,
        "0.003176": 3.116,
        "0.003183": 3.116,
        "0.003191": 3.116,
        "0.003196": 0.0349,
        "0.003199": 3.116,
        "0.0032": 0.0152,
        "0.003201": 0.0128,
        "0.003206": 3.116,
        "0.003211": 4.9339,
        "0.003214": 3.116,
        "0.003216": 0.0115,
        "0.003218": 0.0981,
        "0.003221": 3.116,
        "0.003224": 4.9339,
        "0.003226": 0.0652,
        "0.003229": 3.116,
        "0.003231": 2.748,
        "0.003234": 0.0325,
        "0.003235": 0.0325,
        "0.003236": 3.116,
        "0.003237": 4.9664,
        "0.003238": 0.065,
        "0.00324": 0.025,
        "0.003244": 3.116,
        "0.003245": 2.748,
        "0.00325": 4.9339,
        "0.003251": 3.116,
        "0.003259": 3.116,
        "0.00326": 2.748,
        "0.003263": 4.9339,
        "0.003265": 0.0349,
        "0.003267": 3.116,
        "0.003274": 5.864,
        "0.003276": 4.9339,
        "0.003278": 0.0102,
        "0.003282": 3.116,
        "0.003284": 0.0128,
        "0.003287": 1.5763,
        "0.003289": 5.864,
        "0.00329": 4.9339,
        "0.003295": 1.585,
        "0.003297": 3.116,
        "0.0033": 0.0152,
        "0.003303": 7.6819,
        "0.003304": 3.116,
        "0.003312": 3.116,
        "0.003313": 1.5381,
        "0.003316": 4.9339,
        "0.003318": 2.748,
        "0.00332": 3.141,
        "0.003327": 3.116,
        "0.003329": 4.9339,
        "0.003332": 2.748,
        "0.003335": 3.1509,
        "0.003339": 1.5489,
        "0.003342": 8.0499,
        "0.003347": 2.748,
        "0.003348": 4.5755,
        "0.00335": 3.116,
        "0.003353": 9.0729,
        "0.003356": 14.0245,
        "0.003357": 3.116,
        "0.003361": 2.748,
        "0.003365": 3.116,
        "0.003367": 6.0246,
        "0.003369": 20.3887,
        "0.003372": 3.116,
        "0.003375": 0.108,
        "0.003376": 0.217,
        "0.003377": 10.3612,
        "0.003379": 0.108,
        "0.00338": 4.8139,
        "0.003381": 0.308,
        "0.003382": 0.7689,
        "0.003383": 7.0084,
        "0.003384": 0.308,
        "0.003385": 10.416,
        "0.003386": 0.416,
        "0.003387": 0.2
    },
    "asks": {
        "0.003388": 0.216,
        "0.003389": 0.416,
        "0.00339": 0.308,
        "0.003391": 0.308,
        "0.003392": 0.308,
        "0.003393": 4.5466,
        "0.003394": 2.218,
        "0.003395": 9.3569,
        "0.003396": 0.308,
        "0.003397": 2.2287,
        "0.003398": 11.108,
        "0.003402": 0.108,
        "0.003403": 3.224,
        "0.003404": 0.108,
        "0.003405": 2.8554,
        "0.003406": 1.8615,
        "0.003407": 1.3859,
        "0.003408": 5.0409,
        "0.003409": 1.9453,
        "0.00341": 3.224,
        "0.003415": 0.108,
        "0.003418": 12.3354,
        "0.003419": 0.108,
        "0.00342": 1.6104,
        "0.003421": 0.108,
        "0.003422": 4.4378,
        "0.003423": 9.554,
        "0.003424": 0.1194,
        "0.003425": 3.116,
        "0.003428": 4.7453,
        "0.00343": 0.108,
        "0.003433": 3.116,
        "0.003434": 2.7474,
        "0.003435": 4.9329,
        "0.003438": 1.5635,
        "0.00344": 3.116,
        "0.003448": 8.0489,
        "0.003449": 2.7474,
        "0.003452": 0.0127,
        "0.003456": 3.116,
        "0.003461": 4.9329,
        "0.003463": 5.8634,
        "0.003464": 1.5362,
        "0.003471": 3.116,
        "0.003474": 4.9329,
        "0.003477": 1.508,
        "0.003478": 5.8634,
        "0.003479": 0.0348,
        "0.00348": 0.0249,
        "0.003486": 3.116,
        "0.003488": 4.9329,
        "0.003492": 2.7474,
        "0.003493": 3.116,
        "0.003498": 1.5359,
        "0.0035": 186.8643,
        "0.003501": 8.0499,
        "0.003507": 2.748,
        "0.003509": 3.116,
        "0.003514": 4.9339,
        "0.003516": 3.116,
        "0.003521": 2.748,
        "0.003524": 3.116,
        "0.003527": 4.9339,
        "0.003531": 3.116,
        "0.003532": 0.0114,
        "0.003535": 0.0128,
        "0.003536": 2.7581,
        "0.003539": 3.116,
        "0.00354": 4.9339,
        "0.003546": 3.116,
        "0.00355": 2.748,
        "0.003553": 4.9688,
        "0.003554": 3.116,
        "0.00356": 0.0917,
        "0.003561": 3.116,
        "0.003565": 2.748,
        "0.003566": 0.0885,
        "0.003567": 4.9339,
        "0.003569": 3.116,
        "0.00357": 0.0295,
        "0.003577": 3.1454,
        "0.003578": 0.0294,
        "0.003579": 2.748,
        "0.00358": 4.9339,