{
    "bids": {
        "1e-06": 30625.0,
        "1e-05": 50000.0,
        "2.1e-05": 321001.0,
        "2.3e-05": 431965.0,
        "2.4e-05": 10000.0,
        "0.0001": 202144.0,
        "0.000232": 2144.0,
        "0.000365": 2144.0,
        "0.000497": 2144.0,
        "0.0005": 2000.0,
        "0.000522": 9999.0,
        "0.00058": 10800.0,
        "0.000581": 18000.0,
        "0.000582": 14400.0,
        "0.000583": 16800.0,
        "0.000584": 18000.0,
        "0.000585": 31200.0,
        "0.000586": 18000.0,
        "0.000587": 4800.0,
        "0.000588": 7200.0,
        "0.000589": 1200.0,
        "0.00061": 57377.0,
        "0.00063": 2144.0,
        "0.000763": 2144.0,
        "0.000799": 150187.0,
        "0.00088": 2386363.0,
        "0.000888": 112612.0,
        "0.000895": 2144.0,
        "0.0009": 131243.0,
        "0.001": 1845986.0,
        "0.00101": 49504.0,
        "0.001028": 2144.0,
        "0.0011": 198679.0,
        "0.001111": 450045.0,
        "0.001161": 2144.0,
        "0.0012": 94998.0,
        "0.00121": 99341.0,
        "0.001234": 8103.0,
        "0.00124": 8064.0,
        "0.00125": 20000.0,
        "0.001293": 2144.0,
        "0.0013": 54614.0,
        "0.001308": 2333.0,
        "0.00132": 37955.0,
        "0.001353": 25868.0,
        "0.001368": 109649.0,
        "0.001388": 100500.0,
        "0.00139": 21582.0,
        "0.0014": 37857.0,
        "0.001426": 2144.0,
        "0.0015": 3930719.0,
        "0.001515": 330033.0,
        "0.001555": 1286.0,
        "0.001559": 2144.0,
        "0.00156": 320512.0,
        "0.001582": 22818635.0,
        "0.001588": 12594.0,
        "0.001595": 2809.0,
        "0.0016": 89640.0,
        "0.001601": 6633.0,
        "0.001602": 9739.0,
        "0.001638": 6633.0,
        "0.00165": 30303.0,
        "0.001666": 300000.0,
        "0.001668": 26777.0,
        "0.001676": 6633.0,
        "0.00168": 59523.0,
        "0.001682": 8332.0,
        "0.001683": 638431.0,
        "0.001685": 13108.0,
        "0.001688": 41468.0,
        "0.001689": 10000.0,
        "0.00169": 2809.0,
        "0.001691": 2144.0,
        "0.001698": 1000.0,
        "0.0017": 462091.0,
        "0.00171": 77777777.0,
        "0.001711": 677837.0,
        "0.001715": 6633.0,
        "0.00172": 795091.0,
        "0.001721": 58105.0,
        "0.00173": 11149.0,
        "0.001739": 2875.0,
        "0.00175": 28571.0,
        "0.001755": 140927.0,
        "0.00176": 5681.0,
        "0.001776": 26777.0,
        "0.001777": 1062.0,
        "0.00178": 531415.0,
        "0.001785": 2809.0,
        "0.001792": 2028.0,
        "0.001795": 6633.0,
        "0.0018": 317102.0,
        "0.001816": 2202643.0,
        "0.00182": 15872.0,
        "0.001821": 5749.0,
        "0.001824": 2144.0,
        "0.001828": 18666.0,
        "0.00183": 15000.0,
        "0.001837": 6633.0,
        "0.001838": 20540.0,
        "0.001848": 17666.0,
        "0.001849": 110329.0,
        "0.00185": 568378.0,
        "0.001858": 17666.0,
        "0.001868": 17066.0,
        "0.00188": 9442.0,
        "0.001882": 2028.0,
        "0.001884": 26777.0,
        "0.001886": 50000.0,
        "0.0019": 140896.0,
        "0.001905": 5249.0,
        "0.001907": 53022.0,
        "0.00192": 5208.0,
        "0.001923": 6633.0,
        "0.001942": 20000.0,
        "0.00195": 436636.0,
        "0.001957": 2144.0,
        "0.00196": 772650.0,
        "0.001961": 14778.0,
        "0.001968": 6633.0,
        "0.001972": 2028.0,
        "0.001975": 2809.0,
        "0.001976": 27288.0,
        "0.001979": 10000.0,
        "0.00198": 143949.0,
        "0.001981": 33739.0,
        "0.001986": 30248.0,
        "0.00199": 2201.0,
        "0.001992": 26777.0,
        "0.001995": 36905.0,
        "0.001996": 35989.0,
        "0.001997": 66762.0,
        "0.002": 25888.0,
        "0.002001": 22500.0,
        "0.002006": 82455.0,
        "0.002013": 41930.0,
        "0.002014": 29133.0,
        "0.002023": 207891.0,
        "0.002024": 211163.0,
        "0.002028": 11924.0,
        "0.002032": 9900.0,
        "0.002034": 9900.0,
        "0.002036": 257849.0,
        "0.00204": 230849.0,
        "0.002041": 166605.0,
        "0.002044": 9800.0,
        "0.002047": 9800.0,
        "0.002048": 11600.0,
        "0.00205": 3676565.0,
        "0.002052": 173304.0,
        "0.002054": 191102.0,
        "0.002056": 178767.0,
        "0.002057": 11300.0,
        "0.002058": 972768.0,
        "0.002059": 33500.0,
        "0.00206": 23100.0,
        "0.002061": 1489940.0,
        "0.002062": 97752.0,
        "0.002063": 214005.0,
        "0.002064": 1484851.0,
        "0.002065": 65314.0,
        "0.002066": 75914.0,
        "0.002067": 1467902.0,
        "0.002068": 4691692.0,
        "0.002069": 763480.0,
        "0.00207": 2843601.0,
        "0.002071": 1512120.0,
        "0.002072": 77414.0,
        "0.002073": 2292780.0,
        "0.002074": 1342436.0,
        "0.002075": 510572.0,
        "0.002076": 2748788.0,
        "0.002077": 1294906.0,
        "0.002078": 1115586.0,
        "0.002079": 5251839.0,
        "0.00208": 5255708.0,
        "0.002081": 3850864.0,
        "0.002082": 2899031.0,
        "0.002083": 1550831.0,
        "0.002084": 5430771.0,
        "0.002085": 2726550.0,
        "0.002086": 1767883.0
    },
    "asks": {
        "0.002084": 116180.0,
        "0.002085": 828958.0,
        "0.002086": 865134.0,
        "0.002087": 1318583.0,
        "0.002088": 845353.0,
        "0.002089": 2218120.0,
        "0.00209": 420942.0,
        "0.002091": 2033134.0,
        "0.002092": 477950.0,
        "0.002093": 1526381.0,
        "0.002094": 2229290.0,
        "0.002095": 500434.0,
        "0.002096": 1021032.0,
        "0.002097": 499436.0,
        "0.002098": 974268.0,
        "0.002099": 3665864.0,
        "0.0021": 973768.0,
        "0.002101": 497934.0,
        "0.002102": 1424620.0,
        "0.002103": 497935.0,
        "0.002104": 972768.0,
        "0.002105": 498934.0,
        "0.002106": 972768.0,
        "0.002107": 830951.0,
        "0.002108": 23100.0,
        "0.002109": 1782090.0,
        "0.00211": 348176.0,
        "0.002111": 972768.0,
        "0.002112": 326359.0,
        "0.002113": 516763.0,
        "0.002114": 1119946.0,
        "0.002115": 389987.0,
        "0.002116": 1501.0,
        "0.002117": 965068.0,
        "0.002118": 1500.0,
        "0.002119": 1500.0,
        "0.002129": 275110.0,
        "0.00213": 232419.0,
        "0.002136": 2160.0,
        "0.00214": 50000.0,
        "0.002141": 164821.0,
        "0.002144": 2022.0,
        "0.002152": 2026.0,
        "0.002158": 16227.0,
        "0.00216": 50000.0,
        "0.002165": 2806.0,
        "0.002174": 2023.0,
        "0.002179": 3449.0,
        "0.00218": 46789.0,
        "0.00219": 50000.0,
        "0.0022": 988462.0,
        "0.002204": 4182.0,
        "0.002207": 26755.0,
        "0.002208": 6626.0,
        "0.002222": 2142.0,
        "0.002226": 2205.0,
        "0.00223": 50000.0,
        "0.002235": 2023.0,
        "0.002242": 2026.0,
        "0.00225": 54724.0,
        "0.002259": 10634.0,
        "0.00226": 2809.0,
        "0.002267": 2023.0,
        "0.002272": 2160.0,
        "0.00228": 50000.0,
        "0.002296": 10000.0,
        "0.002298": 2022.0,
        "0.0023": 26739.0,
        "0.00231": 50000.0,
        "0.002312": 6626.0,
        "0.002315": 26755.0,
        "0.002319": 4008.0,
        "0.00232": 1010.0,
        "0.00233": 2023.0,
        "0.002332": 2026.0,
        "0.00234": 2160.0,
        "0.002348": 149074.0,
        "0.002355": 4951.0,
        "0.002362": 2023.0,
        "0.002365": 6626.0,
        "0.002378": 4008.0,
        "0.002395": 2022.0,
        "0.0024": 5000.0,
        "0.002409": 2162.0,
        "0.00242": 6626.0,
        "0.002422": 28781.0,
        "0.002429": 2022.0,
        "0.002438": 4008.0,
        "0.00245": 108244.0,
        "0.002462": 2022.0,
        "0.002476": 6626.0,
        "0.002477": 2162.0,
        "0.002487": 5026.0,