{
    "bids": {
        "0.0001": 211223.220699,
        "0.0006": 10.0,
        "0.001": 764.694,
        "0.01": 1156.06,
        "0.011": 2000.0,
        "0.05": 58.8,
        "0.1": 203.201692,
        "0.1002": 100.0,
        "0.11": 443.014434,
        "0.1133": 10.272399,
        "0.1242": 8.051529,
        "0.1266": 10.272399,
        "0.138": 27.929286,
        "0.1399": 10.272399,
        "0.1426": 10.104499,
        "0.15": 686.666666,
        "0.1533": 10.272399,
        "0.1556": 182.357438,
        "0.1666": 10.272399,
        "0.175": 126.575447,
        "0.176": 27.929286,
        "0.1799": 10.272399,
        "0.185": 55.0,
        "0.186": 12.049261,
        "0.1919": 12.049261,
        "0.1933": 10.272399,
        "0.1979": 12.049261,
        "0.2": 2703.13703,
        "0.2039": 12.049261,
        "0.204": 7857.142857,
        "0.2066": 10.272399,
        "0.2099": 12.049261,
        "0.21": 144.376326,
        "0.2101": 379.917615,
        "0.212": 1000.0,
        "0.2125": 23.529411,
        "0.214": 27.929286,
        "0.2159": 12.049261,
        "0.216": 10.0,
        "0.2176": 7857.142857,
        "0.2188": 193.104925,
        "0.2199": 10.272399,
        "0.22": 2301.066882,
        "0.2219": 12.049261,
        "0.222": 321.003503,
        "0.225": 370.689044,
        "0.2258": 89.115563,
        "0.2266": 88.969945,
        "0.2274": 88.809803,
        "0.2278": 7063.794258,
        "0.2282": 88.774389,
        "0.2289": 89.222882,
        "0.2297": 89.115563,
        "0.23": 6100.0,
        "0.2305": 88.969945,
        "0.2313": 88.809803,
        "0.2321": 88.774389,
        "0.2329": 89.222882,
        "0.2333": 10.272399,
        "0.2337": 89.115563,
        "0.2338": 12.049261,
        "0.2343": 426.803243,
        "0.2345": 88.969945,
        "0.2346": 7857.142857,
        "0.2354": 88.809803,
        "0.2362": 88.774389,
        "0.237": 89.222882,
        "0.2378": 89.115563,
        "0.238": 6654.284528,
        "0.2386": 88.969945,
        "0.2395": 88.809803,
        "0.2398": 12.049261,
        "0.24": 50.1,
        "0.2403": 88.774389,
        "0.2411": 89.222882,
        "0.242": 89.115563,
        "0.2428": 88.969945,
        "0.2437": 88.809803,
        "0.2445": 88.774389,
        "0.2453": 89.222882,
        "0.2458": 12.049261,
        "0.2462": 89.115563,
        "0.2466": 10.272399,
        "0.2471": 88.969945,
        "0.2479": 88.809803,
        "0.248": 1845.64588,
        "0.2488": 88.774389,
        "0.2496": 89.222882,
        "0.25": 9321.303953,
        "0.2505": 89.115563,
        "0.2514": 88.969945,
        "0.2518": 12.049261,
        "0.252": 27.929286,
        "0.2523": 88.809803,
        "0.2532": 88.774389,
        "0.254": 89.222882,
        "0.2549": 89.115563,
        "0.255": 2082.222488,
        "0.2558": 88.969945,
        "0.256": 16.822084,
        "0.2567": 88.809803,
        "0.2576": 88.774389,
        "0.2578": 12.049261,
        "0.2584": 89.222882,
        "0.2588": 10471.483771,
        "0.2593": 89.115563,
        "0.2599": 10.272399,
        "0.26": 332.490245,
        "0.2602": 88.969945,
        "0.261": 725.401387,
        "0.2612": 88.809803,
        "0.262": 704.445202,
        "0.2621": 88.774389,
        "0.2629": 89.222882,
        "0.263": 11.0,
        "0.2637": 12.049261,
        "0.2639": 89.115563,
        "0.264": 1136.73184,
        "0.2646": 3928.571429,
        "0.2648": 88.969945,
        "0.265": 918.580864,
        "0.2651": 246.020384,
        "0.2653": 166.669684,
        "0.2657": 88.809803,
        "0.266": 7833.975625,
        "0.2667": 88.774389,
        "0.267": 1378.673819,
        "0.2675": 89.222882,
        "0.268": 297.924484,
        "0.2685": 274.01504,
        "0.2686": 230.213214,
        "0.269": 247.723058,
        "0.2694": 88.969945,
        "0.2697": 12.049261,
        "0.27": 879.942351,
        "0.2702": 4362.718122,
        "0.2703": 222.830815,
        "0.2704": 88.809803,
        "0.271": 1632.848174,
        "0.2712": 101.409776,
        "0.2713": 88.774389,
        "0.272": 1626.845056,
        "0.2722": 89.222882,
        "0.2727": 500.0,
        "0.273": 1643.256718,
        "0.2732": 89.115563,
        "0.2733": 21.272399,
        "0.274": 1614.970274,
        "0.2741": 88.969945,
        "0.2744": 3928.571429,
        "0.275": 2532.192979,
        "0.2751": 88.809803,
        "0.2752": 615.642455,
        "0.2756": 418.607271,
        "0.2757": 12.049261,
        "0.276": 1832.305818,
        "0.2761": 88.774389,
        "0.2762": 489.830159,
        "0.2766": 1828.331185,
        "0.277": 1024.222882,
        "0.2772": 5144.820601,
        "0.2776": 376.0,
        "0.2778": 606.811142,
        "0.2779": 89.115563,
        "0.278": 1441.900938,
        "0.2781": 1696.885515,
        "0.2782": 187.801878,
        "0.2784": 302.751679,
        "0.2786": 4523.58651,
        "0.2787": 177.3,
        "0.2788": 1000.0,
        "0.2789": 88.969945,
        "0.279": 10610.461202,
        "0.2791": 541.478968,
        "0.2792": 250.0,
        "0.2793": 173.392633,
        "0.2794": 173.392633,
        "0.28": 10.0
    },
    "asks": {
        "0.2805": 10.0005,
        "0.2806": 185.295907,
        "0.2808": 202.934367,
        "0.2809": 250.0,
        "0.281": 19.500181,
        "0.2812": 250.0,
        "0.2813": 499.826323,
        "0.2814": 6725.138264,
        "0.2815": 19.500181,
        "0.2819": 2569.123056,
        "0.282": 1189.500303,
        "0.2825": 26.000242,
        "0.2826": 160.88667,
        "0.2827": 238.811949,
        "0.2828": 6460.135578,
        "0.283": 309.000363,
        "0.2831": 65.133136,
        "0.2832": 266.507407,
        "0.2847": 292.767509,
        "0.2848": 88.738755,
        "0.285": 450.0,
        "0.2856": 6428.571429,
        "0.2858": 88.703369,
        "0.286": 136.0,
        "0.2862": 65.133136,
        "0.2867": 244.198729,
        "0.287": 105.0,
        "0.2877": 240.744472,
        "0.288": 80.0,
        "0.2882": 140.48333,
        "0.2887": 140.312077,
        "0.2888": 88.898769,
        "0.2894": 65.133136,
        "0.2898": 6517.310184,
        "0.29": 136.0,
        "0.2901": 20.027636,
        "0.2908": 88.703369,
        "0.291": 192.0,
        "0.2913": 10.12621,
        "0.2917": 89.151503,
        "0.2927": 65.133136,
        "0.2928": 89.04427,
        "0.2931": 155.047226,
        "0.2936": 335.328932,
        "0.2937": 12.037211,
        "0.2938": 88.898769,
        "0.294": 107.0,
        "0.2941": 139.660581,
        "0.2945": 10.63229,
        "0.2946": 140.48333,
        "0.2949": 88.738755,
        "0.2951": 140.312077,
        "0.2954": 7857.142857,
        "0.2959": 153.836505,
        "0.2968": 89.151503,
        "0.2978": 10.12621,
        "0.2979": 89.04427,
        "0.299": 88.898769,
        "0.2992": 65.133136,
        "0.2996": 155.047226,
        "0.2997": 12.037211,
        "0.2998": 554.556,
        "0.2999": 10.264181,
        "0.3": 260.738755,
        "0.3006": 164.395505,
        "0.3011": 88.703369,
        "0.3012": 140.48333,
        "0.3017": 140.312077,
        "0.302": 89.151503,
        "0.3026": 65.133136,
        "0.3031": 89.04427,
        "0.3042": 88.898769,
        "0.3044": 10.12621,
        "0.3053": 88.738755,
        "0.3056": 12.037211,
        "0.3059": 65.133136,
        "0.3062": 155.047226,
        "0.3063": 88.703369,
        "0.307": 220.0,
        "0.3073": 300.764046,
        "0.3079": 140.48333,
        "0.3084": 229.356347,
        "0.3094": 65.133136,
        "0.3095": 88.898769,
        "0.31": 62568.068061,
        "0.3106": 88.738755,
        "0.3111": 20.7585,
        "0.3114": 24.734924,
        "0.3116": 12.037211,
        "0.3117": 88.703369,
        "0.3118": 19.646203,
        "0.3127": 89.151503,
        "0.3128": 65.133136,
        "0.313": 155.047226,
        "0.3131": 8662.425238,
        "0.3133": 20.392507,
        "0.3138": 89.04427,
        "0.314": 702.717552,
        "0.3141": 139.660581,