{
    "bids": {
        "0.0001": 10437.0,
        "0.0002": 2996700.240296,
        "0.0003": 100000.0,
        "0.1641": 1836.0,
        "0.17": 54.702515,
        "0.1704": 113.865774,
        "0.1754": 10782.877734,
        "0.1801": 5995.661319,
        "0.185": 13778.942101,
        "0.1862": 6632.478808,
        "0.1864": 10198.088047,
        "0.1866": 3215.434083,
        "0.1868": 2194.860813
    },
    "asks": {
        "0.1892": 71.181028,
        "0.1902": 3154.574132,
        "0.1904": 3154.574132,
        "0.1905": 157.984553,
        "0.1906": 3154.574132,
        "0.2675": 1122.896,
        "0.275": 1022.582367,
        "0.3133": 39.408789,
        "0.39": 29.27065,
        "0.4155": 10.0,
        "0.444": 29.06143,
        "0.4807": 527.907735,
        "0.4862": 5000.0,
        "0.4962": 2413.692508,
        "0.5": 37.552156,
        "0.5026": 527.907736,
        "0.53": 1140.0,
        "0.552": 10.0,
        "0.578": 238.709631,
        "0.5862": 5000.0,
        "0.599": 10.0,
        "0.61": 25.754453,
        "0.6862": 5000.0,
        "0.699": 10.0,
        "0.7": 29.881857,
        "0.75": 12.745152,
        "0.7862": 5000.0,
        "0.799": 10.0,
        "0.8": 12.6,
        "0.8862": 5000.0,
        "0.899": 10.0,
        "0.9": 65.646192,
        "0.9862": 5000.0,
        "0.999": 10.0,
        "1.0": 258.585238,
        "1.099": 10.0,
        "1.1444": 17.5,
        "1.199": 10.0,
        "1.2": 660.485901,
        "1.21": 293.75596,
        "1.25": 25.628204,
        "1.299": 10.0,
        "1.35": 205.105456,
        "1.399": 10.0,
        "1.499": 10.0,
        "1.5": 25.628205,
        "1.599": 10.0,
        "1.7": 267.780944,
        "1.799": 10.0,
        "1.85": 362.052208,
        "1.88": 1855.737095,
        "1.899": 10.0,
        "2.0": 557.273542,
        "2.5": 527.335325,
        "2.72": 500.0,
        "3.0": 514.488972,
        "3.5": 3557.904753,
        "3.6": 14.714907,
        "4.0": 22.600681,
        "4.3": 11.627906,
        "5.0": 10.0,
        "6.0": 11.258409,
        "7.5": 11.258409,
        "43.3": 13657.071265,
        "1699.0": 10.0
    },
    "ts": "1739194168502"
}