{
    "bids": {
        "0.03": 11.955,
        "0.03384": 11.955,
        "0.03769": 11.955,
        "0.04153": 11.955,
        "0.04538": 11.955,
        "0.046": 5000.0,
        "0.04888": 2045.826,
        "0.04923": 11.955,
        "0.05": 10000.0,
        "0.052": 138.048,
        "0.05307": 11.955,
        "0.05555": 29.911,
        "0.056": 15.0,
        "0.05603": 15.0,
        "0.05606": 15.0,
        "0.05609": 15.0,
        "0.0561": 29.911,
        "0.05612": 15.0,
        "0.05615": 15.0,
        "0.05618": 15.0,
        "0.05621": 15.0,
        "0.05624": 15.0,
        "0.05627": 15.0,
        "0.0563": 15.001,
        "0.05633": 15.0,
        "0.05636": 15.0,
        "0.05639": 15.001,
        "0.05642": 15.001,
        "0.05645": 15.001,
        "0.05648": 15.001,
        "0.05651": 15.001,
        "0.05654": 15.0,
        "0.05657": 15.0,
        "0.0566": 15.0,
        "0.05663": 15.0,
        "0.05665": 29.911,
        "0.05666": 15.001,
        "0.05668": 5117.63,
        "0.05669": 15.0,
        "0.0567": 4738.546,
        "0.05671": 10225.317,
        "0.05672": 5129.881,
        "0.05673": 4736.0,
        "0.05674": 5113.08,
        "0.05675": 3237.213,
        "0.05676": 7101.075,
        "0.05678": 15.0,
        "0.05679": 5870.133,
        "0.0568": 2084.226,
        "0.05681": 1720.578,
        "0.05682": 1705.277,
        "0.05683": 2461.42,
        "0.05684": 2570.217,
        "0.05685": 15.001,
        "0.05686": 15.0,
        "0.05687": 30.002,
        "0.05688": 1718.479,
        "0.05689": 1718.179,
        "0.0569": 30.0,
        "0.05691": 15.0,
        "0.05692": 15.0,
        "0.05693": 1701.964
    },
    "asks": {
        "0.05703": 15.0,
        "0.05704": 1713.7,
        "0.05705": 30.0,
        "0.05706": 1713.104,
        "0.05707": 15.0,
        "0.05708": 30.001,
        "0.05709": 15.001,
        "0.0571": 2562.604,
        "0.05711": 30.002,
        "0.05712": 15.0,
        "0.05713": 15.001,
        "0.05714": 30.001,
        "0.05715": 15.0,
        "0.05716": 1710.133,
        "0.05717": 2102.192,
        "0.05718": 2463.954,
        "0.05719": 2840.717,
        "0.0572": 3232.478,
        "0.05721": 15.0,
        "0.05722": 3594.241,
        "0.05723": 3971.003,
        "0.05724": 4332.765,
        "0.05725": 4709.527,
        "0.05726": 15.0,
        "0.05727": 5086.29,
        "0.05728": 3951.814,
        "0.05729": 15.0,
        "0.0573": 66774.112,
        "0.05731": 4704.541,
        "0.05732": 15.0,
        "0.05735": 15.001,
        "0.05738": 15.001,
        "0.05741": 15.001,
        "0.05744": 15.001,
        "0.05745": 2050.0,
        "0.05747": 15.001,
        "0.0575": 15.001,
        "0.05753": 15.001,
        "0.05756": 15.001,
        "0.05759": 15.001,
        "0.05762": 15.001,
        "0.05765": 15.001,
        "0.05768": 15.001,
        "0.05771": 15.0,
        "0.05774": 15.001,
        "0.05777": 15.0,
        "0.05778": 29.887,
        "0.0578": 15.0,
        "0.05783": 15.0,
        "0.05786": 15.0,
        "0.05789": 15.0,
        "0.05813": 20.025,
        "0.05835": 29.887,
        "0.05848": 20.025,
        "0.05884": 20.025,
        "0.05888": 100.0,
        "0.05893": 29.887,
        "0.0592": 20.025,
        "0.05951": 29.887,
        "0.05956": 20.025,
        "0.05991": 20.025,
        "0.0601": 29.887,
        "0.06027": 20.025,
        "0.06063": 20.025,
        "0.0607": 29.887,
        "0.06076": 11.945,
        "0.06099": 20.025,
        "0.0613": 29.887,
        "0.06134": 20.025,
        "0.0617": 20.025,
        "0.06191": 29.887,
        "0.06252": 29.887,
        "0.06314": 29.887,
        "0.06377": 29.887,
        "0.0644": 29.887,
        "0.06461": 11.955,
        "0.06504": 29.887,
        "0.06568": 29.887,
        "0.06633": 29.887,
        "0.06699": 29.887,
        "0.06766": 29.887,
        "0.06833": 29.887,
        "0.06846": 11.955,
        "0.069": 29.887,
        "0.06969": 29.887,
        "0.07038": 29.887,
        "0.07108": 29.887,
        "0.07178": 29.887,
        "0.0723": 11.955,
        "0.07249": 29.881,
        "0.073": 18235.248,
        "0.07321": 29.881,
        "0.07394": 29.881,
        "0.07467": 29.881,
        "0.07541": 29.881,
        "0.07615": 11.955,
        "0.07616": 29.881,
        "0.07691": 29.881,
        "0.07767": 29.881,
        "0.07844": 29.881,
        "0.07922": 29.881,
        "0.08": 7753.203,
        "0.0808": 29.881,
        "0.081": 1700.0,
        "0.0816": 29.881,
        "0.08241": 29.881,
        "0.08322": 29.881,
        "0.08405": 29.881,
        "0.08488": 29.881,
        "0.08572": 29.881,
        "0.08657": 29.881,
        "0.08743": 29.881,
        "0.0883": 29.881,
        "0.08917": 29.881,
        "0.09006": 29.881,
        "0.09095": 29.881,
        "0.09185": 29.881,
        "0.09276": 29.881,
        "0.09368": 29.881,
        "0.09461": 29.881,
        "0.09555": 29.881,
        "0.1": 218.12,
        "0.11649": 1412.744,
        "0.11761": 1412.744,
        "0.11873": 1413.169,
        "0.1351": 483.798,
        "0.146": 19.0,
        "0.15": 500.0,
        "0.158": 20.0,
        "0.166": 19.0,
        "0.19": 40017.96,
        "0.3": 225.836,
        "0.45": 500.0,
        "0.5": 228.912,
        "0.6": 500.0,
        "6.42": 1618.56,
        "158.0": 79.11
    },
    "ts": "1739194168502"
}