{
    "bids": {
        "0.085": 16.679,
        "0.0861": 16.679,
        "0.08722": 16.679,
        "0.08835": 16.679,
        "0.08949": 16.679,
        "0.08992": 3230.17,
        "0.08993": 3229.812,
        "0.08995": 2990.565,
        "0.08996": 3229.071,
        "0.08998": 13737.722,
        "0.09001": 13967.516,
        "0.09002": 2511.498,
        "0.09003": 2272.328,
        "0.09005": 2033.135,
        "0.09007": 4480.088,
        "0.09008": 1315.996,
        "0.09009": 1554.75,
        "0.0901": 9640.982,
        "0.09011": 1076.604,
        "0.09012": 2149.63,
        "0.09013": 1076.477,
        "0.09014": 5910.173,
        "0.09015": 5909.475,
        "0.09017": 2148.661,
        "0.09021": 5104.061,
        "0.09022": 3491.962,
        "0.09024": 1611.496,
        "0.09028": 1074.577,
        "0.09029": 1074.458,
        "0.0903": 2148.9
    },
    "asks": {
        "0.09053": 1071.609,
        "0.09054": 1071.602,
        "0.09055": 1071.483,
        "0.0906": 1607.415,
        "0.09061": 3482.344,
        "0.09063": 3481.936,
        "0.09064": 1070.42,
        "0.09065": 1546.513,
        "0.09066": 1308.155,
        "0.09067": 1784.439,
        "0.09068": 9582.42,
        "0.09073": 2498.215,
        "0.09074": 2497.938,
        "0.09075": 5415.165,
        "0.09076": 11039.892,
        "0.09079": 3211.992,
        "0.0908": 6427.176,
        "0.09082": 10716.099,
        "0.09183": 16.665,
        "0.09302": 16.662,
        "0.09423": 16.662,
        "0.09545": 16.662,
        "0.09669": 16.662,
        "0.09795": 16.662,
        "0.09922": 16.662,
        "0.1": 1000.0,
        "0.1005": 16.662,
        "0.10181": 16.662,
        "0.10313": 16.662,
        "0.10447": 16.662,
        "0.10582": 16.662,
        "0.1072": 16.662,
        "0.10859": 16.662,
        "0.11": 16.662,
        "0.14": 831.0,
        "0.1615": 12.237,
        "0.162": 12.237,
        "0.2": 192.947,
        "0.38": 3775.14,
        "1.0": 2282.741,
        "1.2": 3243.535
    },
    "ts": "1739217550800"
}