{
    "bids": {
        "0.006": 4329.0657,
        "0.008": 1.0,
        "0.102": 6.0,
        "0.2": 0.1,
        "0.249": 3.976678,
        "0.58": 95.894307,
        "0.594": 2.4,
        "0.596": 4.8,
        "0.597": 13.2,
        "0.598": 4.8,
        "0.599": 14.4,
        "0.6": 25.2,
        "0.601": 14.4,
        "0.602": 9.6,
        "0.716": 69.86,
        "0.8": 476.0,
        "0.959": 500.0,
        "0.98": 102.040816,
        "1.0": 5.571275,
        "1.05": 51.190322,
        "1.1": 3.571275,
        "1.144": 39.876484,
        "1.145": 26.21,
        "1.15": 3.571275,
        "1.163": 350.0,
        "1.2": 4.571275,
        "1.25": 403.571275,
        "1.3": 3.571275,
        "1.35": 3.571275,
        "1.365": 10.98901,
        "1.392": 350.0,
        "1.4": 4.585081,
        "1.412": 21.246458,
        "1.42": 14.087664,
        "1.43": 13.986013,
        "1.45": 3.571275,
        "1.458": 10.288065,
        "1.5": 26.204608,
        "1.512": 50.0,
        "1.52": 1.0,
        "1.54": 6.493506,
        "1.541": 1.297858,
        "1.55": 3.571275,
        "1.555": 1.286173,
        "1.563": 7143.811772,
        "1.57": 222.86666,
        "1.6": 6.106104,
        "1.602": 11.622158,
        "1.613": 310.0,
        "1.65": 3.571275,
        "1.66": 2.0,
        "1.672": 1.013806,
        "1.685": 38.575667,
        "1.7": 3.571275,
        "1.716": 174.825174,
        "1.735": 2.534829,
        "1.75": 4.671275,
        "1.774": 1.127395,
        "1.777": 1.125492,
        "1.8": 40.984111,
        "1.817": 10.322791,
        "1.825": 300.0,
        "1.834": 9.815,
        "1.85": 3.571275,
        "1.87": 34.62039,
        "1.88": 1.063829,
        "1.9": 92.860748,
        "1.94": 7.731958,
        "1.941": 387.248821,
        "1.944": 1.013806,
        "1.95": 3.571275,
        "2.0": 10.368359,
        "2.005": 2.534829,
        "2.011": 4.0,
        "2.023": 8.0,
        "2.05": 3.571275,
        "2.072": 129.356502,
        "2.079": 218.444944,
        "2.091": 132.177771,
        "2.092": 238.460357,
        "2.1": 3.571275,
        "2.103": 135.157242,
        "2.106": 204.741338,
        "2.107": 219.780219,
        "2.109": 68.139097,
        "2.113": 277.748705,
        "2.114": 81.824888,
        "2.117": 6.0,
        "2.119": 289.791695,
        "2.12": 79.260073,
        "2.121": 471.47,
        "2.122": 598.0,
        "2.123": 9.817869,
        "2.124": 398.045577,
        "2.125": 9.817869,
        "2.126": 711.55,
        "2.127": 9.817869,
        "2.128": 806.408484,
        "2.129": 19.635738,
        "2.13": 395.187434,
        "2.132": 625.173113,
        "2.133": 1746.085136,
        "2.134": 2186.136192,
        "2.135": 768.33438,
        "2.136": 1833.920344,
        "2.137": 710.459747,
        "2.138": 204.665217,
        "2.139": 37.865526,
        "2.14": 19.635738,
        "2.141": 19.644894
    },
    "asks": {
        "2.144": 31.695906,
        "2.145": 139.574963,
        "2.146": 373.034164,
        "2.147": 515.341965,
        "2.148": 575.564622,
        "2.149": 1460.119051,
        "2.15": 2116.005132,
        "2.151": 481.847422,
        "2.152": 659.461915,
        "2.153": 11.303879,
        "2.155": 1.927609,
        "2.158": 9.341429,
        "2.16": 159.11092,
        "2.161": 1156.86,
        "2.162": 73.260073,
        "2.169": 146.520146,
        "2.174": 7.4,
        "2.175": 71.457009,
        "2.176": 297.078655,
        "2.177": 219.780219,
        "2.178": 3.7,
        "2.179": 7.4,
        "2.181": 8.240019,
        "2.186": 7.4,
        "2.189": 183.776173,
        "2.19": 3.7,
        "2.2": 3.568417,
        "2.203": 227.243839,
        "2.207": 11.1,
        "2.25": 3.568417,
        "2.275": 2.532801,
        "2.3": 3.568417,
        "2.35": 3.568417,
        "2.4": 3.568417,
        "2.41": 2.534829,
        "2.45": 3.568417,
        "2.488": 1.012994,
        "2.489": 5.846463,
        "2.5": 3.568417,
        "2.533": 5.745298,
        "2.545": 2.534829,
        "2.55": 3.568417,
        "2.577": 5.647573,
        "2.6": 3.568417,
        "2.623": 5.5488,
        "2.65": 3.568417,
        "2.67": 5.451342,
        "2.68": 2.534829,
        "2.7": 3.568417,
        "2.717": 5.357246,
        "2.725": 32.393017,
        "2.75": 3.568417,
        "2.76": 1.012994,
        "2.765": 5.264404,
        "2.8": 3.568417,
        "2.814": 2.822447,
        "2.815": 2.534829,
        "2.82": 8.1849,
        "2.85": 3.568417,
        "2.863": 5.084424,
        "2.88": 34.722222,
        "2.9": 3.568417,
        "2.914": 12.719028,
        "2.929": 1.411666,
        "2.95": 6.103246,
        "2.965": 4.909581,
        "3.0": 3.568417,
        "3.018": 4.823333,
        "3.032": 1.012994,
        "3.05": 3.568417,
        "3.071": 4.740061,
        "3.085": 2.534829,
        "3.1": 3.568417,
        "3.125": 4.658095,
        "3.15": 3.568417,
        "3.18": 4.57745,
        "3.2": 3.568417,
        "3.22": 2.534829,
        "3.236": 3.249129,
        "3.25": 3.568417,
        "3.294": 4.418775,
        "3.3": 3.568417,
        "3.304": 1.012994,
        "3.35": 3.568417,
        "3.353": 4.340853,
        "3.355": 2.534829,
        "3.4": 3.568417,
        "3.413": 4.264356,
        "3.45": 3.568417,
        "3.474": 4.189278,
        "3.49": 2.534829,
        "3.5": 7.266418,
        "3.514": 3.861777,
        "3.537": 4.115613,
        "3.55": 3.568417,
        "3.575": 1.411666,
        "3.576": 1.012792,
        "3.597": 2.819902,
        "3.6": 7.611764,
        "3.625": 2.534829,
        "3.63": 1.02,
        "3.65": 3.568417,
        "3.664": 3.972471,
        "3.685": 23.869166,
        "3.698": 2.819902,
        "3.7": 3.568417,
        "3.729": 3.90297,
        "3.75": 3.568417,
        "3.76": 2.534829,
        "3.79": 544.539332,
        "3.796": 3.834828,
        "3.8": 3.568417,
        "3.801": 2.819902,
        "3.815": 36.995803,
        "3.821": 2.4,
        "3.824": 1.2,
        "3.826": 1.2,
        "3.829": 2.4,
        "3.831": 1.2,
        "3.833": 1.2,
        "3.835": 2.4,
        "3.837": 1.2,
        "3.838": 1.2,
        "3.839": 3.6,
        "3.84": 2.4,
        "3.842": 1.2,
        "3.846": 1.2,
        "3.848": 1.012792,
        "3.849": 1.2,
        "3.85": 3.568417,
        "3.851": 4.8,
        "3.853": 2.4,
        "3.854": 3.6,
        "3.855": 1.2,
        "3.856": 1.2,
        "3.857": 4.8,
        "3.858": 13.2,
        "3.86": 6.0,
        "3.862": 9.6,
        "3.863": 3.768029,
        "3.864": 1.2,
        "3.867": 2.4,
        "3.869": 1.2,
        "3.87": 1.2,
        "3.895": 2.534829,
        "3.9": 3.568417,
        "3.907": 2.819902,
        "3.931": 3.702558,
        "3.95": 3.568417,
        "3.98": 2.251798,
        "4.0": 72.841826,
        "4.002": 3.637468,
        "4.013": 2.233513,
        "4.017": 2.819902,
        "4.03": 2.534829,
        "4.047": 2.214967,
        "4.05": 3.568417,
        "4.073": 3.573732,
        "4.081": 2.196176,
        "4.1": 3.568417,
        "4.116": 2.177704,
        "4.12": 1.012792,
        "4.129": 2.819902,
        "4.145": 3.511329,
        "4.15": 3.568417,
        "4.151": 2.159537,
        "4.165": 2.534829,
        "4.185": 2.141673,
        "4.2": 3.568417,
        "4.214": 3.861778,
        "4.219": 3.450232,
        "4.22": 2.124102,
        "4.244": 2.819902,
        "4.25": 3.568417,
        "4.255": 2.106311,
        "4.291": 2.088818,
        "4.294": 3.389617,
        "4.3": 6.103246,
        "4.326": 1.411666,
        "4.328": 2.071124,
        "4.35": 3.568417,
        "4.363": 2.819902,
        "4.364": 2.053727,
        "4.371": 3.330315,
        "4.392": 1.012792,
        "4.4": 3.568417,
        "4.401": 2.036622,
        "4.435": 2.534829,
        "4.438": 2.019797,
        "4.448": 3.272304,
        "4.45": 7.3333,
        "4.475": 2.002793,
        "4.485": 2.819902,
        "4.5": 3.568417,
        "4.512": 2.089127,
        "4.528": 3.21483,