{
    "bids": {
        "0.0002": 110010.0,
        "0.0005": 44000.0,
        "0.001": 1000.012256,
        "0.0011": 21000.0,
        "0.0012": 841666.458364,
        "0.002": 1947.0653,
        "0.011": 100.0,
        "0.014": 695.3,
        "0.03": 12333.333333,
        "0.04": 299743.756298,
        "0.1": 10.0,
        "0.1002": 110.0,
        "0.11": 10.0,
        "0.12": 37.96542,
        "0.55": 10.0,
        "0.8588": 32.0,
        "0.9": 33.333333,
        "0.9206": 1.079894,
        "0.9209": 1.086327,
        "0.9282": 1.079478,
        "0.93": 32.258065,
        "0.934": 92.05672,
        "0.9359": 1.062198,
        "0.9362": 1.074319,
        "0.9365": 1.045266,
        "0.9437": 1.061735,
        "0.9471": 23.204243,
        "0.9478": 56.916026,
        "0.9496": 61.013795,
        "0.9515": 1.044832,
        "0.9518": 1.051059,
        "0.9534": 82.254243,
        "0.9554": 77.37351,
        "0.9569": 10000.0,
        "0.9575": 76.159542,
        "0.9594": 1.046371,
        "0.9597": 1.027864,
        "0.96": 105.208747,
        "0.9604": 74.892949,
        "0.9609": 82.132124,
        "0.964": 62.69344,
        "0.9644": 79.757616,
        "0.9649": 75.579654,
        "0.9674": 1.027625,
        "0.9677": 1.039336,
        "0.9678": 83.092641,
        "0.968": 1.01129,
        "0.97": 500.0,
        "0.9715": 91.519124,
        "0.972": 102.880658,
        "0.9754": 1.029202,
        "0.9757": 1.011026,
        "0.976": 1.028786,
        "0.9801": 79.318413,
        "0.9816": 50000.0,
        "0.9822": 50000.0,
        "0.9826": 15000.0,
        "0.983": 508.646998,
        "0.9835": 1.010853,
        "0.9838": 1.019005,
        "0.9845": 3055.621515,
        "0.985": 203.045685,
        "0.9865": 43277.895884,
        "0.987": 506.585612,
        "0.988": 303.643752,
        "0.9881": 506.021657,
        "0.99": 1010.10101,
        "0.9901": 71.587919,
        "0.9902": 98.98,
        "0.9917": 1.009074,
        "0.9927": 50.367684,
        "0.9929": 10000.0,
        "0.9931": 87.100996,
        "0.9933": 50075.529635,
        "0.9934": 503.321924,
        "0.9941": 109.143949,
        "0.9948": 100.906708,
        "0.9953": 42160.3608,
        "0.9965": 170.334548,
        "0.9967": 101.962805,
        "0.9968": 123.0,
        "0.997": 33.385481,
        "0.9973": 101.176682,
        "0.9974": 101.026434,
        "0.9975": 138.022533,
        "0.9976": 78.480032,
        "0.9977": 126.580185,
        "0.9978": 11103.290946,
        "0.9979": 123.0,
        "0.998": 1474.203677,
        "0.9981": 123.0,
        "0.9982": 30.0,
        "0.9983": 100.813853,
        "0.9984": 30.0,
        "0.9985": 30.0,
        "0.9986": 5071.441887,
        "0.9987": 87.0,
        "0.9988": 30.0,
        "0.9989": 2336.085196,
        "0.999": 5050.088443,
        "0.9991": 100.47042,
        "0.9992": 90.0,
        "0.9994": 5001.797283,
        "0.9995": 15.022533,
        "0.9996": 1127.119135,
        "0.9997": 5000.423128,
        "0.9998": 100.459558,
        "0.9999": 3886.399988
    },
    "asks": {
        "1.0004": 3065.120654,
        "1.0005": 39929.223672,
        "1.0013": 555.30222,
        "1.0014": 415.538678,
        "1.0018": 1306.342026,
        "1.0032": 101.524355,
        "1.0034": 100.859811,
        "1.0035": 963.737873,
        "1.0036": 255.941748,
        "1.0037": 78.417247,
        "1.0038": 40.0,
        "1.0039": 188.031955,
        "1.0042": 20.0,
        "1.0043": 1846.635726,
        "1.0044": 49.780963,
        "1.005": 33.358772,
        "1.0062": 500.129009,
        "1.0065": 126.47892,
        "1.0066": 235.68083,
        "1.0067": 19112.908298,
        "1.0068": 1036.066505,
        "1.007": 2281.674239,
        "1.0071": 4159.47353,
        "1.0074": 111.88,
        "1.0075": 101.018709,
        "1.0078": 9.99,
        "1.008": 824.833195,
        "1.0081": 14.786706,
        "1.0085": 8000.0,
        "1.0086": 2036.614442,
        "1.0088": 1270.359693,
        "1.0092": 1837.621338,
        "1.0095": 9876.732512,
        "1.0096": 9876.732513,
        "1.0097": 114.827585,
        "1.0098": 1.0,
        "1.0099": 3.946964,
        "1.0109": 36.633696,
        "1.011": 126.580185,
        "1.0116": 1.0,
        "1.0128": 99.850073,
        "1.0133": 1.0,
        "1.0149": 30.0,
        "1.015": 514.0,
        "1.0155": 1.0,
        "1.0163": 30.0,
        "1.0164": 1000.0,
        "1.0168": 30.0,
        "1.0169": 299.700058,
        "1.017": 12.272487,
        "1.0172": 1.0,
        "1.0182": 1.000001,
        "1.0199": 4.922265,
        "1.02": 1.0,
        "1.0217": 1.0,
        "1.0239": 1.0,
        "1.0256": 1.0,
        "1.0267": 1.0,
        "1.0276": 30.0,
        "1.0277": 76.871011,
        "1.0284": 1.0,
        "1.0293": 3.944727,
        "1.0301": 1.0,
        "1.0324": 1.0,
        "1.033": 5.001501,
        "1.0341": 1.0,
        "1.0353": 1.0,
        "1.037": 1.0,
        "1.0387": 1.0,
        "1.041": 1.0,
        "1.0419": 1.0,
        "1.0427": 1.0,
        "1.0438": 1.0,
        "1.0457": 1.0,
        "1.0473": 1.0,
        "1.049": 53.728051,
        "1.0496": 1.0,
        "1.0514": 1.0,
        "1.0561": 1.0,
        "1.0601": 1.0,
        "1.0688": 1.0,
        "1.0728": 1.0,
        "1.0777": 1.0,
        "1.0818": 1.0,
        "1.0827": 1.0,
        "1.0867": 1.0,
        "1.0899": 11.0,
        "1.09": 100.0,
        "1.0908": 1.0,
        "1.1": 44.418556,
        "1.154": 3.2474,
        "1.1588": 49.087182,
        "1.2899": 11.0,
        "1.29": 100.0,
        "1.2978": 25.0643,
        "1.35": 5062.706241,
        "1.4883": 10.43739,
        "1.5": 1.005,
        "1.5973": 10.537692,
        "1.8": 1.9984,
        "2.0": 19.988,
        "3.5237": 14.189999,
        "5.9999": 1000.0,
        "6.0": 133.332799,
        "7.0": 100.0,
        "8.0": 100.0,
        "9.0": 110.0,
        "10.0": 101.0,
        "11.0": 210.0,
        "15.0": 10.0,
        "19.0": 10.0,
        "24.0": 10.0,
        "27.0": 10.0,
        "32.0": 10.0,
        "36.0": 10.0,
        "39.0": 10.0,
        "41.0": 10.0,
        "46.0": 2807.396207,
        "47.0": 100.0,
        "50.0": 1.0,
        "56.97": 10.39517,
        "90.0": 10.0,
        "95.0": 5.0,
        "167.0": 2170.652889,
        "168.0": 74.880072,
        "200.0": 1.000996,
        "489.0": 10.375269,
        "500.0": 47.940024,
        "666.0": 89.660192,
        "879.0": 12.53479,
        "900.0": 10.0,
        "950.0": 15.0,
        "1000.0": 100.840095,
        "3426.0": 1.0,
        "3426.1": 1.0,
        "3426.2": 1.0,
        "3426.3": 1.0,
        "3426.4": 1.0,
        "3426.5": 1.0,
        "3426.6": 1.0,
        "3426.7": 1.0,
        "3426.8": 1.0,
        "3426.9": 1.0,
        "3427.0": 1.0,
        "3427.1": 1.0,
        "3427.2": 1.0,
        "3427.3": 1.0,
        "3427.4": 1.0,
        "3427.5": 1.0,
        "3427.6": 1.0,
        "3427.7": 1.0,
        "3427.8": 1.0,
        "3427.9": 1.0,
        "5000.0": 10.969999,
        "9000.0": 10.05,
        "10000.0": 1.0,
        "50000.0": 1.0,
        "100000.0": 4.848681,
        "500000.0": 1.0,
        "1000000.0": 1.0
    },
    "ts": "1739217550800"
}