{
    "bids": {
        "0.0002": 3480.0,
        "0.0003": 430241.337991,
        "0.0005": 9306.0175,
        "0.001": 9063.247,
        "0.0011": 1090909.1778,
        "0.1012": 1116.60079,
        "0.104": 146.240759,
        "0.9066": 11.030222,
        "0.9356": 6.412997,
        "0.9569": 10000.0,
        "0.9687": 4.0,
        "0.9823": 4.072075,
        "0.9829": 10000.0,
        "0.9879": 303.674365,
        "0.9939": 117.568889,
        "0.994": 301.0,
        "0.9955": 601.52782,
        "0.9959": 40.87148,
        "0.9965": 601.52782,
        "0.9967": 37.542716,
        "0.9975": 601.52782,
        "0.998": 40.87148,
        "0.9981": 39.154693,
        "0.9995": 37.542716,
        "1.0001": 40.87148
    },
    "asks": {
        "1.0039": 597.66909,
        "1.0043": 26.391568,
        "1.0049": 597.66909,
        "1.0051": 37.523944,
        "1.0059": 597.66909,
        "1.0064": 40.842869,
        "1.0067": 39.135115,
        "1.011": 39.135115,
        "1.0116": 52.258473,
        "1.0119": 1000.0,
        "1.0124": 4.9975,
        "48.99": 61.726427,
        "999.0": 100.0,
        "9876.5432": 9.071432,
        "9999.0": 10.0
    },
    "ts": "1739194158902"
}