{
    "bids": {
        "0.0001": 10049.0,
        "0.0002": 500000.0,
        "0.3081": 64.588104,
        "0.459": 754.664893,
        "0.4594": 754.664893,
        "0.4599": 754.664893,
        "0.4656": 880.584192
    },
    "asks": {
        "0.4704": 1275.535714,
        "0.4708": 1275.535714,
        "0.4713": 1275.535714,
        "0.4734": 70.536817,
        "0.6162": 94.063784,
        "1.2": 115.231788
    },
    "ts": "1739194033802"
}