{
    "bids": {
        "1e-05": 302.14,
        "0.0001": 10.0,
        "0.0005": 10.16,
        "0.0006": 167778.14,
        "0.00082": 20.0,
        "0.001": 10.16,
        "0.0011": 5000.0,
        "0.0015": 810.16,
        "0.002": 10.16,
        "0.0021": 500.0,
        "0.00212": 267.38,
        "0.0025": 10.16,
        "0.003": 1256.46,
        "0.0035": 10.16,
        "0.004": 10.16,
        "0.00424": 267.38,
        "0.0043": 200.0,
        "0.0045": 10.16,
        "0.005": 10.16,
        "0.0055": 10.16,
        "0.006": 20.33,
        "0.00635": 10.17,
        "0.00636": 267.38,
        "0.0065": 10.16,
        "0.00673": 10.17,
        "0.007": 10.16,
        "0.00713": 10.17,
        "0.0075": 10.16,
        "0.00755": 10.17,
        "0.008": 20.33,
        "0.00847": 10.17,
        "0.00848": 267.38,
        "0.0085": 10.16,
        "0.00897": 10.17,
        "0.009": 10.16,
        "0.00913": 3504.92,
        "0.0095": 20.33,
        "0.01": 1466.0,
        "0.01007": 10.17,
        "0.0105": 10.16,
        "0.0106": 267.38,
        "0.01066": 10.17,
        "0.011": 10.16,
        "0.0113": 10.17,
        "0.0115": 10.16,
        "0.01197": 10.17,
        "0.012": 39.29,
        "0.0125": 10.16,
        "0.01258": 1000.0,
        "0.01268": 10.17,
        "0.01272": 267.38,
        "0.013": 10.16,
        "0.01343": 10.17,
        "0.0135": 10.16,
        "0.01383": 50614.6,
        "0.014": 1633.78,
        "0.01422": 10.17,
        "0.0145": 10.16,
        "0.01484": 267.38,
        "0.015": 5904.17,
        "0.01507": 10.17,
        "0.0155": 10.16,
        "0.0156": 10769.23,
        "0.01596": 10.17,
        "0.016": 395.29,
        "0.01601": 625.0,
        "0.0165": 10.16,
        "0.01691": 10.17,
        "0.01696": 267.38,
        "0.017": 10.16,
        "0.0175": 10.16,
        "0.01791": 10.17,
        "0.018": 340.29,
        "0.0185": 10.16,
        "0.0189": 1000.0,
        "0.01897": 10.17,
        "0.019": 10.16,
        "0.01908": 267.38,
        "0.0195": 10.16,
        "0.0198": 34.24,
        "0.0199": 16.71,
        "0.02": 33052.15,
        "0.02009": 10.17,
        "0.0205": 10.16,
        "0.02079": 34.24,
        "0.021": 2665.81,
        "0.0212": 267.38,
        "0.02128": 10.17,
        "0.0215": 10.16,
        "0.02178": 34.24,
        "0.022": 39.29,
        "0.0225": 10.16,
        "0.02255": 10.17,
        "0.02277": 34.24,
        "0.023": 10.16,
        "0.02331": 267.38,
        "0.0234": 25.64,
        "0.0235": 10.16,
        "0.02376": 34.24,
        "0.02388": 10.17,
        "0.024": 39.29,
        "0.0245": 10.16,
        "0.02475": 34.24,
        "0.025": 27658.86,
        "0.0253": 10.17,
        "0.02543": 267.38,
        "0.0255": 10.16,
        "0.02574": 34.24,
        "0.0259": 20.59,
        "0.026": 39.29,
        "0.0265": 10.16,
        "0.0266": 6355.93,
        "0.02673": 34.24,
        "0.0268": 10.17,
        "0.02681": 20.59,
        "0.02684": 14.91,
        "0.027": 52502.5,
        "0.0275": 10.16,
        "0.02755": 267.38,
        "0.02771": 20.59,
        "0.02772": 34.24,
        "0.028": 35235.69,
        "0.0281": 3684.87,
        "0.02838": 10.17,
        "0.0285": 10.16,
        "0.02862": 20.59,
        "0.02871": 34.24,
        "0.02872": 29059.74,
        "0.02879": 10.35,
        "0.0288": 2500.0,
        "0.02888": 3111.21,
        "0.029": 95.05,
        "0.02939": 10.33,
        "0.0295": 10.16,
        "0.02952": 20.59,
        "0.0296": 1700.0,
        "0.02967": 267.38,
        "0.0297": 34.24,
        "0.0298": 16.71,
        "0.02987": 10.04,
        "0.02988": 138.76,
        "0.02991": 10.33,
        "0.03": 95176.42,
        "0.03006": 12302.39,
        "0.03007": 10.17,
        "0.03008": 12318.84,
        "0.0301": 200.0,
        "0.03019": 14.94,
        "0.03021": 2761.26,
        "0.03038": 14.94,
        "0.03043": 30.92,
        "0.0305": 10.16,
        "0.03054": 14.91,
        "0.03055": 268810.6,
        "0.03057": 14.94,
        "0.0306": 39395.17,
        "0.03069": 34.24,
        "0.03076": 14.94,
        "0.03087": 24800.0,
        "0.0309": 4570.84,
        "0.03093": 2215.08,
        "0.03094": 1510.76,
        "0.03095": 10.33,
        "0.03096": 14.94,
        "0.031": 23638.56,
        "0.03102": 1577.24,
        "0.03105": 1864.4,
        "0.03111": 27672.37,
        "0.03116": 14.94,
        "0.0312": 21372.34,
        "0.03123": 7255.3,
        "0.03124": 200.0,
        "0.03125": 138.76,
        "0.0313": 2729.26,
        "0.03134": 20.59,
        "0.03135": 1385.18,
        "0.03147": 10.33,
        "0.03148": 3176.62,
        "0.03149": 3175.61,
        "0.0315": 17575.7,
        "0.03155": 14.94,
        "0.0316": 3727.19,
        "0.03163": 175.41,
        "0.03165": 50.0,
        "0.03166": 18747.15,
        "0.03168": 34.24,
        "0.0317": 11357.27,
        "0.03175": 14.94,
        "0.03177": 116.37,
        "0.03179": 267.38,
        "0.0318": 26983.38,
        "0.03181": 124.43,
        "0.03185": 20878.61,
        "0.03186": 123.52,
        "0.03188": 2684.98,
        "0.0319": 10312.74,
        "0.03191": 122.66,
        "0.03195": 4709.77,
        "0.03196": 121.86,
        "0.03198": 10.33,
        "0.032": 64974.61,
        "0.03201": 31957.31,
        "0.03202": 3264.7,
        "0.0321": 16733.11,
        "0.03213": 654.72,
        "0.03216": 14.94,
        "0.03224": 20.59,
        "0.03227": 8842.73,
        "0.03234": 8823.59,
        "0.03236": 14.94,
        "0.03238": 14.91,
        "0.03241": 8838.33,
        "0.03248": 2928.52,
        "0.0325": 5127.99,
        "0.03251": 1896.57,
        "0.03252": 1000.0,
        "0.03255": 2922.22,
        "0.03256": 1000.0,
        "0.03257": 14.94,
        "0.03258": 1000.0,
        "0.0326": 6457.8,
        "0.03261": 1000.0,
        "0.03267": 315.53
    },
    "asks": {
        "0.03285": 302.59,
        "0.03286": 521.6,
        "0.0329": 662.92,
        "0.03293": 149.38,
        "0.03294": 1149.38,
        "0.03295": 662.92,
        "0.03296": 1000.0,
        "0.03297": 1149.38,
        "0.03298": 14.92,
        "0.03299": 1000.0,
        "0.033": 662.92,
        "0.03304": 148.83,
        "0.03305": 662.92,
        "0.03316": 79.94,
        "0.03317": 68.89,
        "0.03318": 80.49,
        "0.03319": 83.26,
        "0.0332": 81.04,
        "0.03328": 5762.48,
        "0.03329": 19609.71,
        "0.0333": 2500.0,
        "0.0334": 2514.92,
        "0.0335": 10.15,
        "0.03354": 855.66,
        "0.03361": 14.92,
        "0.03369": 29.76,
        "0.03372": 3205.4,
        "0.03375": 441.01,
        "0.0338": 2943.0,
        "0.03383": 14.92,
        "0.03385": 21960.52,
        "0.034": 94.97,
        "0.03404": 14.92,
        "0.03405": 20.57,
        "0.03406": 10.32,
        "0.03418": 138.64,
        "0.03426": 14.92,
        "0.0343": 7291.5,
        "0.03436": 44789.49,
        "0.03447": 14.92,
        "0.0345": 10.15,
        "0.03451": 219.16,
        "0.03458": 10.32,
        "0.03465": 7.66,
        "0.03469": 14.92,
        "0.0348": 2170.0,
        "0.03488": 3403.16,
        "0.03489": 175.26,
        "0.0349": 3398.4,
        "0.03491": 14.92,
        "0.03496": 20.57,
        "0.03499": 2866.15,
        "0.035": 30231.54,
        "0.03501": 10.34,
        "0.03509": 10.32,
        "0.03513": 14.92,
        "0.03533": 1285.88,
        "0.03536": 14.92,
        "0.0355": 414.36,
        "0.03555": 90.51,
        "0.03558": 14.92,
        "0.03561": 10.32,
        "0.03564": 34.21,
        "0.03573": 10.16,
        "0.03575": 138.64,
        "0.03581": 14.92,
        "0.03586": 20.57,
        "0.0359": 919.5,
        "0.036": 6990.39,
        "0.03601": 8552.66,
        "0.03603": 282.08,
        "0.03608": 14.89,
        "0.03613": 10.32,
        "0.03615": 79.26,
        "0.0362": 35.91,
        "0.03622": 3353.87,
        "0.03626": 14.92,
        "0.0363": 477.0,
        "0.03649": 14.92,
        "0.0365": 270.01,