{
    "bids": {
        "18.9": 2.6455,
        "21.58": 13.45529,
        "21.59": 82.14606,
        "21.6": 19.93376,
        "21.61": 61.85562,
        "21.62": 45.55191,
        "21.63": 4.4851,
        "21.64": 14.55639,
        "21.65": 6.71523,
        "21.66": 4.47888,
        "21.67": 4.47681
    },
    "asks": {
        "21.73": 8.9289,
        "21.75": 21.20616,
        "21.77": 37.93969,
        "21.78": 57.64403,
        "21.79": 15.84448,
        "21.8": 77.84356,
        "21.81": 23.76671,
        "21.82": 13.36877,
        "30.71": 0.31203,
        "31.54": 0.82534,
        "32.1": 0.46972,
        "33.67": 0.55041,
        "34.11": 0.71461,
        "36.72": 0.51418,
        "55.5": 0.1,
        "56.9": 0.1,
        "125.0": 5.0,
        "192.0": 58.1328
    },
    "ts": "1739217536400"
}