{
    "bids": {
        "0.001": 1026.0,
        "0.104": 16.73,
        "17.35": 0.11,
        "20.0": 45.479151,
        "22.35": 0.1,
        "25.416": 23.559901,
        "25.436": 23.541413,
        "25.442": 23.559901,
        "25.444": 23.534026,
        "25.454": 19.643278,
        "25.461": 23.541413,
        "25.467": 23.559901,
        "25.47": 23.534026,
        "25.471": 23.509129,
        "25.475": 19.627085,
        "25.481": 19.622463,
        "25.487": 23.541413,
        "25.495": 23.534026,
        "25.497": 23.509129,
        "25.516": 19.595547,
        "25.518": 42.949456,
        "25.522": 23.509129,
        "25.523": 21.474728,
        "25.524": 42.955326,
        "25.529": 21.477663,
        "25.53": 111.179688,
        "25.555": 21.46174,
        "25.557": 154.086202
    },
    "asks": {
        "25.686": 59.400195,
        "25.687": 64.431732,
        "25.697": 59.400195,
        "25.698": 83.810596,
        "25.702": 23.344486,
        "25.711": 19.446929,
        "25.714": 23.333592,
        "25.729": 23.319989,
        "25.732": 23.340854,
        "25.739": 23.333592,
        "25.744": 23.306401,
        "25.753": 23.344486,
        "25.754": 23.319989,
        "25.765": 23.333592,
        "25.767": 23.309117,
        "25.78": 23.319989,
        "25.794": 23.308212,
        "25.891": 2.938162,
        "26.0": 155.7,
        "26.3": 155.7,
        "26.6": 155.7,
        "26.9": 155.7,
        "27.2": 155.7,
        "27.5": 155.7,
        "27.8": 155.7,
        "28.1": 155.7,
        "28.4": 155.7,
        "28.55": 0.15,
        "28.7": 155.7,
        "29.488": 0.230854,
        "29.76": 0.228743,
        "30.036": 0.226638,
        "30.314": 0.224559,
        "30.595": 0.222501,
        "30.878": 0.22046,
        "31.164": 0.218433,
        "31.453": 0.216431,
        "31.744": 0.214443,
        "32.039": 0.21247,
        "32.336": 0.210523,
        "32.635": 0.208609,
        "32.937": 0.2067,
        "33.242": 0.204805,
        "33.551": 0.202919,
        "33.86": 0.201062,
        "34.174": 0.199216,
        "34.491": 0.197384,
        "34.81": 0.195576,
        "35.132": 0.193783,
        "35.459": 0.192001,
        "35.787": 0.19024,
        "36.118": 0.188494,
        "36.452": 0.186767,
        "36.791": 0.185048,
        "37.131": 0.183352,
        "37.475": 0.181671,
        "37.822": 0.180019,
        "38.173": 0.178366,
        "38.527": 0.176729,
        "38.883": 0.185487,
        "39.243": 0.183731,
        "39.607": 0.182044,
        "39.974": 0.180372,
        "40.0": 8.39332,
        "40.344": 0.17872,
        "40.718": 0.177077,
        "41.095": 0.175452,
        "41.475": 0.173844,
        "41.86": 0.172248,
        "42.247": 0.170668,
        "42.638": 17.973976,
        "43.034": 0.167549,
        "43.331": 35.491146,
        "43.432": 0.16601,
        "43.834": 0.164489,
        "44.241": 0.162978,
        "44.65": 0.161482,
        "45.064": 0.159999,
        "45.481": 0.158533,
        "45.902": 0.157078,
        "46.328": 0.155634,
        "46.757": 0.154206,
        "47.189": 0.152793,
        "47.627": 0.15139,
        "48.068": 0.150001,
        "48.513": 0.148625,
        "48.55": 0.2,
        "48.963": 0.147259,
        "49.416": 0.145908,
        "49.874": 0.144568,
        "50.336": 0.143243,
        "50.802": 0.141929,
        "55.443": 30.491147,
        "58.3": 66.308618,
        "58.798": 1.0,
        "63.0": 44.089844,
        "69.0": 135.036512,
        "78.497": 1.5,
        "81.0": 73.492052,
        "85.0": 3.120143,
        "99.0": 70.972324,
        "100.0": 5.0,
        "104.0": 0.11,
        "119.0": 65.512916,
        "130.0": 0.1,
        "150.0": 5.0,
        "162.5": 0.1,
        "200.0": 5.0,
        "203.125": 0.103622,
        "250.0": 5.0,
        "300.0": 5.0,
        "350.0": 5.0,
        "400.0": 5.0,
        "450.0": 5.0
    },
    "ts": "1739194168502"
}