{
    "bids": {
        "0.001": 1.0,
        "0.006": 1374.95,
        "0.1": 410.0,
        "0.255": 158.0,
        "0.33": 175.590882,
        "0.331": 34.0,
        "0.35": 1937.571428,
        "0.351": 32.0,
        "0.42": 2.0,
        "0.5": 2.999566,
        "0.5069": 2.999566,
        "0.513": 39.0,
        "0.5139": 2.999566,
        "0.515": 125.127464,
        "0.52": 32.509287,
        "0.521": 218.615015,
        "0.522": 39.0,
        "0.523": 186.963777,
        "0.524": 157.202408,
        "0.5241": 114.748826,
        "0.5242": 286.147235,
        "0.525": 147.256695,
        "0.5259": 4.183066,
        "0.526": 7.112536,
        "0.5282": 240.54905,
        "0.529": 150.543815,
        "0.532": 5.934293,
        "0.5355": 2.999566,
        "0.5384": 365.030115,
        "0.5389": 365.030115,
        "0.539": 38.0,
        "0.5394": 365.030115,
        "0.54": 403.030115,
        "0.5405": 365.030115,
        "0.5406": 176.217743,
        "0.541": 402.030115,
        "0.5415": 365.030115,
        "0.542": 402.030115,
        "0.5425": 365.030115,
        "0.5429": 2.999566,
        "0.543": 365.030115,
        "0.5431": 1820.0,
        "0.5438": 365.030115,
        "0.5439": 2037.021776,
        "0.5443": 365.030115,
        "0.5448": 365.030115,
        "0.5455": 365.030115,
        "0.5456": 220.13392,
        "0.546": 3661.730115,
        "0.5461": 220.39064,
        "0.5462": 173.712012,
        "0.5465": 365.030115,
        "0.547": 74.0,
        "0.5471": 365.030115,
        "0.5477": 365.030115,
        "0.5482": 365.030115,
        "0.5487": 365.030115,
        "0.5488": 118.973414,
        "0.5492": 24.671561
    },
    "asks": {
        "0.5501": 365.030115,
        "0.5505": 272.869467,
        "0.5506": 365.030115,
        "0.551": 272.623285,
        "0.5511": 493.248543,
        "0.5516": 128.218428,
        "0.5517": 365.030115,
        "0.5522": 365.030115,
        "0.5526": 100.0,
        "0.5527": 365.030115,
        "0.5532": 365.030115,
        "0.554": 272.152109,
        "0.5541": 365.030115,
        "0.555": 365.030115,
        "0.5557": 73.630333,
        "0.5558": 73.630333,
        "0.5559": 365.030115,
        "0.5567": 72.073086,
        "0.5568": 365.030115,
        "0.5577": 365.030115,
        "0.558": 76.627499,
        "0.5586": 365.030115,
        "0.5595": 365.030115,
        "0.56": 1.001531,
        "0.5604": 365.030115,
        "0.5613": 365.030115,
        "0.563": 37.0,
        "0.5657": 2.997166,
        "0.5736": 2.997166,
        "0.574": 25.0,
        "0.575": 263.816173,
        "0.58": 1.001531,
        "0.5815": 2.997166,
        "0.5819": 3.571045,
        "0.5895": 2.997166,
        "0.5977": 2.997166,
        "0.6059": 2.997166,
        "0.6143": 2.997166,
        "0.6228": 2.997166,
        "0.6314": 2.997166,
        "0.6402": 2.997166,
        "0.647": 25.0,
        "0.648": 296.296296,
        "0.649": 2.997166,
        "0.658": 2.997166,
        "0.6671": 2.997166,
        "0.6763": 2.997166,
        "0.68": 54.303478,
        "0.6857": 2.997166,
        "0.6951": 2.997166,
        "0.7048": 2.997166,
        "0.7145": 2.997166,
        "0.7244": 2.997166,
        "0.7344": 2.997166,
        "0.7385": 37.546633,
        "0.7446": 2.997166,
        "0.7549": 2.997166,
        "0.7555": 12.154711,
        "0.7653": 2.997166,
        "0.7759": 2.997166,
        "0.7866": 2.997166,
        "0.787": 25.0,
        "0.7877": 761.711311,
        "0.788": 253.0,
        "0.7936": 6.117749,
        "0.797": 325.0,
        "0.7973": 501.693214,
        "0.7975": 2.997166,
        "0.7977": 501.441644,
        "0.8085": 2.997166,
        "0.8111": 12.154711,
        "0.8197": 2.997166,
        "0.82": 1.149774,
        "0.8288": 6.117749,
        "0.831": 2.997166,
        "0.84": 1.149774,
        "0.8425": 2.997166,
        "0.8477": 484.0,
        "0.8542": 2.997166,
        "0.86": 1.149774,
        "0.8655": 6.116525,
        "0.866": 2.997166,
        "0.8666": 12.154711,
        "0.878": 2402.295185,
        "0.88": 1.149774,
        "0.8901": 2.997166,
        "0.8977": 484.0,
        "0.9": 1.149774,
        "0.9024": 2.997166,
        "0.9038": 6.116525,
        "0.9112": 1.01483,
        "0.9149": 2.997166,
        "0.92": 1.149774,
        "0.9222": 12.154711,
        "0.9275": 2.997166,
        "0.9334": 1.01483,
        "0.9394": 1.081639,
        "0.94": 1.149774,
        "0.9404": 2.997166,
        "0.9439": 6.116525,
        "0.9534": 2.997166,
        "0.9556": 1.01483,
        "0.9584": 54.708887,
        "0.96": 1.149774,
        "0.9665": 2.997166,
        "0.9777": 12.154711,
        "0.9778": 1.01483,
        "0.9799": 2.997166,
        "0.98": 1.149774,
        "0.9857": 6.116525,
        "0.9935": 2.997166,
        "0.998": 1.097949,
        "1.0": 24.886995,
        "1.0001": 1.01483,
        "1.0072": 2.997166,
        "1.02": 1.149774,
        "1.0211": 2.997166,
        "1.0223": 1.01483,
        "1.0293": 6.116525,
        "1.0333": 12.154711,
        "1.0352": 2.997166,
        "1.04": 1.149774,
        "1.044": 48.778643,
        "1.0445": 1.01483,
        "1.0496": 2.997166,
        "1.05": 2008.06957,
        "1.06": 1.149774,
        "1.064": 1.097949,
        "1.0641": 2.997166,
        "1.0667": 1.01483,
        "1.0749": 6.116525,
        "1.0788": 2.997166,
        "1.08": 2212.463505,
        "1.0888": 12.154711,
        "1.0889": 1.01483,
        "1.0937": 2.997166,
        "1.1": 50.120374,
        "1.1088": 2.997166,
        "1.1112": 1.01483,
        "1.12": 914.463565,
        "1.1225": 6.116525,
        "1.1242": 2.997166,
        "1.1334": 1.01483,
        "1.135": 1.097949,
        "1.1397": 2.996566,
        "1.14": 1.149774,
        "1.1444": 12.154711,
        "1.15": 1.0,
        "1.1555": 2.996566,
        "1.1556": 1.01483,
        "1.16": 5.630893,
        "1.1714": 2.996566,
        "1.1723": 6.116525,
        "1.1778": 1.01483,
        "1.18": 1.149774,
        "1.1876": 2.996566,
        "1.189": 1942.809083,
        "1.19": 6294.96,
        "1.1999": 12.154711,
        "1.2": 13.584357,
        "1.2041": 2.996566,
        "1.21": 1.097949,
        "1.22": 1.149774,
        "1.2207": 2.996566,
        "1.2223": 1.01483,
        "1.2376": 2.996566,
        "1.24": 1.149774,
        "1.2445": 1.01483,
        "1.25": 24831.753789,
        "1.2547": 2.996566,
        "1.2555": 12.154711,
        "1.26": 1.149774,
        "1.2667": 1.01483,
        "1.2721": 2.996566,
        "1.28": 1.149774,
        "1.2889": 1.01483,
        "1.2896": 2.996566,
        "1.29": 1.097949,
        "1.293": 10.0,
        "1.299": 76.571688,
        "1.3": 2275.409251,
        "1.3075": 2.996566,
        "1.3111": 13.169541,
        "1.3181": 1.0,
        "1.32": 75.563603,
        "1.3256": 2.996566,
        "1.3334": 1.01483,
        "1.34": 1.149774,
        "1.3439": 2.996566,
        "1.3556": 1.01483,
        "1.36": 1.149774,
        "1.3625": 2.996566,
        "1.3666": 12.154711,
        "1.375": 1.097949,
        "1.3778": 1.01483,
        "1.38": 1.149774,
        "1.3813": 2.996566,
        "1.4": 119.500784,
        "1.4004": 2.996566,
        "1.4198": 2.996566,
        "1.42": 27.428763,
        "1.4222": 13.169541,
        "1.4394": 2.996566,
        "1.44": 1.149774,
        "1.4445": 1.01483,
        "1.45": 1491.964401,
        "1.4593": 2.996566,
        "1.46": 1.149774,
        "1.466": 1.097949,
        "1.4667": 1.01483,
        "1.4681": 23.69171,
        "1.473": 19.976,
        "1.4777": 12.154711,
        "1.4795": 2.996566,
        "1.48": 1.149774,
        "1.4889": 1.01483,
        "1.5": 2756.87304,
        "1.5111": 1.01483,
        "1.52": 1.149774,
        "1.5312": 1.0,
        "1.5333": 13.169541,
        "1.54": 1.149774,
        "1.55": 739.356108,
        "1.5556": 1.01483,
        "1.56": 1512.98574,
        "1.563": 1.097949,
        "1.566": 7.123467,
        "1.5778": 1.013,
        "1.58": 57.293737,