{
    "bids": {
        "0.0003": 2497.09799,
        "0.0006": 1500.0,
        "0.0012": 1562.022832,
        "0.002": 1000.0,
        "0.149": 33.557047,
        "0.1491": 33.534541,
        "0.1492": 33.512065,
        "0.1493": 33.489619,
        "0.1494": 33.467203,
        "0.1495": 33.444817,
        "0.1496": 33.42246,
        "0.1497": 33.400134,
        "0.1498": 33.377838,
        "0.1499": 33.355571,
        "0.15": 33.333334,
        "0.1501": 33.311126,
        "0.1503": 33.266799,
        "0.1505": 3355.813987,
        "0.1506": 3976.540795,
        "0.1507": 4009.719296,
        "0.1509": 4009.67532,
        "0.1511": 2746.52548,
        "0.1513": 33.046926,
        "0.1515": 33.003301,
        "0.1517": 0.051713
    },
    "asks": {
        "0.1521": 32.87311,
        "0.1522": 32.851512,
        "0.1523": 32.829941,
        "0.1524": 3970.210013,
        "0.1525": 32.786886,
        "0.1526": 3970.167014,
        "0.1527": 3970.145557,
        "0.1528": 32.722514,
        "0.1529": 32.701112,
        "0.153": 32.679739,
        "0.1532": 32.637076,
        "0.1534": 32.594525,
        "0.1536": 32.552084,
        "0.1538": 32.509752,
        "0.154": 32.467532,
        "0.1542": 32.425422,
        "0.1544": 32.38342,
        "0.1546": 32.341527,
        "0.1548": 32.299742,
        "0.155": 32.258065,
        "0.1779": 59.170943,
        "0.2038": 16.196576,
        "0.2056": 59.170943,
        "0.2069": 16.196576,
        "0.21": 16.196576,
        "0.2131": 16.196576,
        "0.2163": 16.196576,
        "0.2194": 16.196576,
        "0.2225": 16.196576,
        "0.2256": 16.196576,
        "0.2287": 16.196576,
        "0.2319": 16.196576,
        "0.2333": 59.170943,
        "0.235": 16.196576,
        "0.2381": 16.196576,
        "0.2412": 16.196576,
        "0.2444": 16.196576,
        "0.2475": 16.196576,
        "0.2506": 16.196576,
        "0.2537": 16.196576,
        "0.2568": 16.196576,
        "0.26": 16.196576,
        "0.2631": 16.196576,
        "0.2662": 16.196576,
        "0.2693": 16.193334,
        "0.2725": 16.193334,
        "0.2756": 16.193334,
        "0.2787": 16.193334,
        "0.2818": 16.193334,
        "0.2849": 16.193334,
        "0.2881": 16.193334,
        "0.2912": 16.193334,
        "0.2943": 16.193334,
        "0.2974": 16.193334,
        "0.3006": 16.193334,
        "0.3037": 16.193334,
        "0.3068": 16.193334,
        "0.3099": 16.193334,
        "0.313": 16.193334,
        "0.3162": 16.193334,
        "0.3193": 16.193334,
        "0.3224": 16.193334,
        "0.3255": 16.193334,
        "0.3287": 16.193334,
        "0.3318": 16.193334,
        "0.3349": 16.193334,
        "0.338": 16.193334,
        "0.3411": 16.193334,
        "0.3443": 16.193334,
        "0.3474": 16.193334,
        "0.3505": 16.193334,
        "0.3536": 16.193334,
        "0.3568": 16.193334,
        "2400.0": 12.0
    },
    "ts": "1739217550800"
}