{
    "bids": {
        "1e-05": 104379.0,
        "0.02306": 25964.863861,
        "0.02309": 25964.863861,
        "0.02311": 25964.344533,
        "0.02312": 17733.564013
    },
    "asks": {
        "0.02346": 25578.00537,
        "0.02349": 25577.493769,
        "0.02351": 25576.982189,
        "0.045": 8319.1434,
        "0.057": 20427.044122,
        "0.06": 1803.825224,
        "0.0627": 100.0,
        "0.20166": 50.0,
        "0.2421": 71.318972,
        "0.27099": 50.0,
        "0.331": 750873.464622,
        "0.3431": 24615.238556,
        "1.2431": 24615.238557,
        "1.5": 5000.055379
    },
    "ts": "1739217550800"
}