{
    "bids": {
        "1.4e-05": 73429.5,
        "1.5e-05": 6666666.0,
        "0.0014": 12749.1,
        "0.001423": 113.4,
        "0.001448": 113.4,
        "0.001473": 113.4,
        "0.001498": 113.4,
        "0.001523": 113.4,
        "0.001549": 113.4,
        "0.001576": 113.4,
        "0.001603": 113.4,
        "0.00163": 113.4,
        "0.001658": 113.4,
        "0.001673": 358002.3,
        "0.001674": 358002.3,
        "0.001675": 596670.6,
        "0.001676": 656337.6,
        "0.001678": 1100238.8,
        "0.001679": 272654.5,
        "0.00168": 25578.0
    },
    "asks": {
        "0.001692": 307126.8,
        "0.001695": 294991.1,
        "0.001696": 589982.2,
        "0.001697": 353572.1,
        "0.001699": 353572.1,
        "0.0017": 353572.1,
        "0.001705": 12124.6,
        "0.001715": 113.3,
        "0.001745": 113.3,
        "0.001774": 113.4,
        "0.001805": 113.4,
        "0.001836": 113.4,
        "0.001867": 113.4,
        "0.001899": 113.4,
        "0.0019": 144.0,
        "0.001931": 113.4,
        "0.001964": 113.4,
        "0.001998": 113.4,
        "0.002032": 113.4,
        "0.002067": 113.4,
        "0.002102": 113.4,
        "0.002138": 113.4,
        "0.00214": 339.9,
        "0.002175": 113.4,
        "0.002212": 113.4,
        "0.002245": 116.5,
        "0.00225": 113.4,
        "0.002281": 135.6,
        "0.002288": 113.4,
        "0.00229": 116.5,
        "0.0023": 144.0,
        "0.002303": 135.6,
        "0.002325": 135.6,
        "0.002327": 113.4,
        "0.002336": 116.5,
        "0.002347": 135.6,
        "0.002367": 113.4,
        "0.002368": 135.6,
        "0.002381": 116.5,
        "0.00239": 135.6,
        "0.002407": 113.4,
        "0.002412": 135.6,
        "0.002427": 116.5,
        "0.002433": 211.7,
        "0.002434": 135.6,
        "0.002449": 113.4,
        "0.002455": 135.6,
        "0.002472": 116.5,
        "0.002477": 135.6,
        "0.00249": 113.4,
        "0.002499": 135.6,
        "0.002518": 116.5,
        "0.002521": 135.6,
        "0.002533": 113.4,
        "0.002542": 135.6,
        "0.002563": 116.5,
        "0.002564": 135.6,
        "0.002576": 113.4,
        "0.002586": 135.6,
        "0.002608": 135.6,
        "0.002609": 116.5,
        "0.00262": 113.4,
        "0.002629": 135.6,
        "0.002651": 135.6,
        "0.002654": 116.5,
        "0.002665": 113.4,
        "0.002673": 135.6,
        "0.002695": 135.6,
        "0.0027": 260.5,
        "0.002711": 113.4,
        "0.002716": 135.6,
        "0.002738": 135.6,
        "0.002757": 113.4,
        "0.00276": 135.6,
        "0.002782": 135.6,
        "0.002803": 135.6,
        "0.002804": 113.4,
        "0.002818": 128.3,
        "0.002825": 135.6,
        "0.002836": 128.3,
        "0.002847": 135.6,
        "0.002852": 113.4,
        "0.002855": 128.3,
        "0.002866": 211.7,
        "0.002869": 135.6,
        "0.002873": 128.3,
        "0.00289": 135.6,
        "0.002892": 128.3,
        "0.002899": 7766.0,
        "0.002901": 113.4,
        "0.00291": 128.3,
        "0.002912": 135.6,
        "0.002929": 128.3,
        "0.002934": 135.6,
        "0.002947": 128.3,
        "0.00295": 113.4,
        "0.002956": 135.6,
        "0.002966": 128.3,
        "0.002977": 135.6,
        "0.002984": 128.3,
        "0.002999": 135.6,
        "0.003001": 113.4,
        "0.003003": 128.3,
        "0.003021": 2399.1,
        "0.003039": 128.3,
        "0.00304": 316.0,
        "0.003043": 135.6,
        "0.003047": 144.1,
        "0.003052": 113.4,
        "0.003058": 128.3,
        "0.003064": 135.6,
        "0.003076": 128.3,
        "0.003086": 135.6,
        "0.003095": 272.4,
        "0.0031": 144.0,
        "0.003104": 113.4,
        "0.003108": 135.6,
        "0.003113": 128.3,
        "0.00313": 135.6,
        "0.003132": 128.3,
        "0.003142": 144.1,
        "0.00315": 128.3,
        "0.003151": 135.6,
        "0.003157": 113.4,
        "0.003169": 128.3,
        "0.003173": 135.7,
        "0.003187": 128.3,
        "0.00319": 144.1,
        "0.003195": 135.7,
        "0.003206": 128.3,
        "0.003211": 113.4,
        "0.003217": 135.7,
        "0.003224": 128.3,
        "0.003238": 279.8,
        "0.003243": 128.3,
        "0.00326": 135.7,
        "0.003261": 128.3,
        "0.003266": 113.4,
        "0.003279": 128.3,
        "0.003282": 135.7,
        "0.003285": 144.1,
        "0.003292": 834198.1,
        "0.003298": 128.3,
        "0.0033": 211.7,
        "0.003304": 135.7,
        "0.003316": 128.3,
        "0.003322": 113.4,
        "0.003325": 135.7,
        "0.003333": 144.1,
        "0.003335": 128.3,
        "0.003347": 135.7,
        "0.003353": 128.3,
        "0.003369": 135.7,
        "0.003372": 128.3,
        "0.003379": 113.4,
        "0.00338": 144.1,
        "0.00339": 128.3,
        "0.003391": 135.7,
        "0.003394": 749615.0,
        "0.003409": 128.3,
        "0.003412": 135.7,
        "0.003427": 128.3,
        "0.003428": 144.1,
        "0.003434": 135.7,
        "0.003437": 113.4,
        "0.003446": 1440.4,
        "0.00345": 1767.0,
        "0.003455": 337.8,
        "0.003456": 135.7,
        "0.003464": 128.3,
        "0.003476": 144.1,
        "0.003478": 135.7,
        "0.003483": 128.3,
        "0.003495": 113.4,
        "0.003499": 135.7,
        "0.0035": 113154.7,
        "0.003501": 128.3,
        "0.003519": 128.3,
        "0.003521": 135.7,
        "0.003523": 144.1,
        "0.003538": 128.3,
        "0.003543": 135.7,
        "0.003555": 113.4,
        "0.003556": 128.3,
        "0.003565": 135.7,
        "0.003571": 144.1,
        "0.003575": 128.3,
        "0.003586": 135.7,
        "0.003593": 128.3,
        "0.003608": 135.7,
        "0.003612": 128.3,
        "0.003616": 113.4,
        "0.003619": 144.2,
        "0.00363": 264.0,
        "0.003649": 128.3,
        "0.003652": 135.7,
        "0.003666": 144.2,
        "0.003667": 128.3,
        "0.003673": 135.7,
        "0.003678": 113.4,
        "0.003686": 128.3,
        "0.003695": 135.7,
        "0.003704": 128.3,
        "0.003714": 144.2,
        "0.003717": 135.7,
        "0.003723": 128.3,
        "0.003739": 135.7,
        "0.003741": 241.7,
        "0.003742": 5932.2,
        "0.003759": 128.3,
        "0.00376": 135.7,
        "0.003761": 144.2,
        "0.003778": 128.3,
        "0.003782": 135.7,
        "0.003796": 128.3,
        "0.003804": 249.1,
        "0.003809": 144.2,
        "0.003815": 128.3,
        "0.003826": 135.7,
        "0.003833": 128.3,
        "0.003847": 135.7,
        "0.003852": 128.3,
        "0.003857": 144.2,
        "0.003869": 135.7,
        "0.00387": 241.7,
        "0.003889": 128.3,
        "0.003891": 135.7,
        "0.0039": 144.2,
        "0.003904": 144.2,
        "0.003907": 128.3,
        "0.003913": 135.7,
        "0.003934": 135.7,
        "0.003944": 128.4,
        "0.003952": 144.2,
        "0.003956": 135.7,
        "0.003958": 1312.1,
        "0.003963": 128.4,
        "0.003978": 135.7,
        "0.003981": 128.4,
        "0.004": 408.3,
        "0.0043": 144.2,
        "0.004547": 1312.1,
        "0.004686": 5997.0,
        "0.0047": 144.2,
        "0.005": 627.9,
        "0.0051": 144.2,
        "0.005223": 1312.1,
        "0.0055": 7915.1,
        "0.006": 2431.9,
        "0.0061": 1000.0,
        "0.006251": 289.3,
        "0.0064": 274481.2,
        "0.0085": 3023.0,
        "0.008533": 630.9,
        "0.0092": 4553.6,
        "0.00925": 968.1,
        "0.009999": 101292.6,
        "0.01": 10841.1,
        "0.0122": 9107.2,
        "0.01414": 5341.6,
        "0.0152": 13660.8,
        "0.0195": 1000.0,
        "0.02": 1775.9,
        "0.04833": 335.0,
        "0.05": 19456.5,
        "0.06": 4080.4,
        "0.07": 36428.7,
        "0.09": 54643.0,
        "0.39793": 918124.0,
        "0.4": 375.3,
        "0.7": 327.1,
        "2.406": 2637.0,
        "5.89": 1557.0,
        "50.0": 991.3,
        "100.0": 2380.1,