{
    "bids": {
        "7e-06": 143690.0,
        "0.004": 112.0,
        "0.004396": 112.0,
        "0.004444": 33958.2,
        "0.004602": 32746.3,
        "0.004814": 30826.4,
        "0.004831": 112.0,
        "0.0049": 30000.0,
        "0.005027": 29811.4,
        "0.005309": 112.0,
        "0.005715": 4580.5,
        "0.005729": 2344.5,
        "0.005743": 5680.6,
        "0.005757": 5801.5,
        "0.005771": 2068.8,
        "0.005785": 5964.2,
        "0.005799": 2516.8,
        "0.005813": 11701.3,
        "0.005828": 3815.9,
        "0.005835": 112.0,
        "0.005843": 2871.6,
        "0.005858": 4306.5,
        "0.005873": 13857.4,
        "0.005888": 5313.8,
        "0.005903": 4445.5,
        "0.005918": 10911.4,
        "0.005933": 4573.9,
        "0.005948": 2007.6,
        "0.005963": 2197.8,
        "0.005967": 5142.6,
        "0.005978": 1997.5,
        "0.005993": 2794.4,
        "0.006008": 5122.6,
        "0.006009": 4641.8,
        "0.006023": 3028.2,
        "0.006038": 6575.3,
        "0.006049": 153341.8,
        "0.006052": 4190.0,
        "0.006053": 6943.6,
        "0.006068": 2681.0,
        "0.006083": 6207.4,
        "0.006093": 98289.9,
        "0.006095": 3782.3,
        "0.006096": 98241.6,
        "0.006098": 3255.1,
        "0.006099": 98289.9,
        "0.006102": 98241.6,
        "0.006105": 98289.9,
        "0.006108": 98241.6,
        "0.006113": 4238.3,
        "0.006115": 29092.0,
        "0.006128": 1948.3,
        "0.006143": 0.1
    },
    "asks": {
        "0.006189": 3237.8,
        "0.006191": 96924.3,
        "0.006194": 96877.6,
        "0.006195": 96861.8,
        "0.006197": 96924.5,
        "0.0062": 96877.6,
        "0.006201": 96861.9,
        "0.006203": 96924.5,
        "0.006205": 1934.1,
        "0.006206": 96877.6,
        "0.006207": 96861.9,
        "0.006219": 15840.0,
        "0.00622": 1929.4,
        "0.006235": 2280.7,
        "0.00625": 2260.8,
        "0.006265": 4917.7,
        "0.006281": 1996.4,
        "0.006297": 5135.4,
        "0.006314": 5397.8,
        "0.00633": 6625.8,
        "0.006346": 7663.2,
        "0.006362": 7893.6,
        "0.006378": 3823.9,
        "0.006394": 5273.3,
        "0.006411": 1871.9,
        "0.006427": 1867.2,
        "0.006443": 4456.1,
        "0.006444": 22700.9,
        "0.006459": 7575.4,
        "0.006472": 16149.7,
        "0.006475": 16841.2,
        "0.006491": 1848.6,
        "0.006508": 4043.0,
        "0.006524": 2069.4,
        "0.00654": 5013.9,
        "0.006556": 5120.5,
        "0.006572": 1825.9,
        "0.006588": 5263.8,
        "0.006605": 2221.2,
        "0.006621": 10326.7,
        "0.006637": 3367.6,
        "0.00665": 20000.0,
        "0.006653": 2534.2,
        "0.007048": 111.9,
        "0.007453": 6460.7,
        "0.00753": 6460.7,
        "0.007639": 6460.7,
        "0.007653": 6460.7,
        "0.007739": 6460.7,
        "0.007745": 111.9,
        "0.007839": 6460.7,
        "0.007923": 267.3,
        "0.007953": 6460.7,
        "0.008": 267.3,
        "0.008053": 6460.7,
        "0.0085": 243314.5,
        "0.008512": 111.9,
        "0.009355": 111.9,
        "0.009555": 500.0,
        "0.01": 1000.0,
        "0.010121": 4940.2,
        "0.010129": 4527.4,
        "0.010221": 4940.2,
        "0.010282": 111.9,
        "0.010321": 4940.2,
        "0.01039": 7489.2,
        "0.010421": 4940.2,
        "0.010521": 4940.2,
        "0.010621": 4940.2,
        "0.01069": 4527.4,
        "0.010721": 4940.2,
        "0.010821": 4940.2,
        "0.01089": 7489.2,
        "0.010921": 4940.2,
        "0.01121": 4940.2,
        "0.0113": 111.9,
        "0.01132": 4940.2,
        "0.01139": 7489.2,
        "0.01141": 4940.2,
        "0.011523": 4940.2,
        "0.01163": 4940.2,
        "0.01169": 4527.4,
        "0.01178": 4940.2,
        "0.011873": 4940.2,
        "0.01189": 7489.2,
        "0.011972": 4940.2,
        "0.012": 613132.8,
        "0.012072": 4940.2,
        "0.012172": 4940.2,
        "0.012272": 10603.8,
        "0.01229": 7489.2,
        "0.012372": 5663.6,
        "0.0124": 6839.4,
        "0.012419": 111.9,
        "0.012453": 73.3,
        "0.012472": 5663.6,
        "0.012572": 5663.6,
        "0.012672": 5663.6,
        "0.01269": 4527.4,
        "0.012772": 5663.6,
        "0.012872": 5663.6,
        "0.01289": 7489.2,
        "0.012929": 167.7,
        "0.012972": 5663.6,
        "0.013": 20000.0,
        "0.013072": 5663.6,
        "0.013172": 5663.6,
        "0.0132": 6926.4,
        "0.013372": 5663.6,
        "0.013572": 5663.6,
        "0.013648": 112.0,
        "0.01373": 5107.4,
        "0.013772": 5663.6,
        "0.013872": 5663.6,
        "0.013972": 5663.6,
        "0.013999": 38807.3,
        "0.014072": 5663.6,
        "0.014172": 5663.6,
        "0.014272": 5663.6,
        "0.014472": 5663.6,
        "0.014572": 5663.6,
        "0.015": 1112.0,
        "0.017": 261.6,
        "0.027028": 854.3,
        "0.05": 102000.0,
        "0.08426": 1136.1,
        "0.1": 117273.4,
        "0.15": 15000.0,
        "0.2": 10000.4,
        "0.25": 39335.4,
        "0.5": 26662.7,
        "0.6": 1058.3,
        "1.0": 144217.8,
        "1.006688": 908.9,
        "1.35": 4590.9,
        "1.395199": 908.9,
        "5.0": 156.2,
        "10.0": 10000.0,
        "500.0": 1737.0
    },
    "ts": "1739217550800"
}