{
    "bids": {
        "0.0001": 2066.0,
        "0.57": 626.412814,
        "0.62": 48.685398,
        "0.66": 76.528219,
        "0.6736": 0.770644,
        "0.68": 72.058823,
        "0.6872": 0.770644,
        "0.7": 10.383514,
        "0.7008": 0.770644,
        "0.7144": 0.770644,
        "0.7244": 32.5,
        "0.728": 0.770644,
        "0.7416": 82.512823,
        "0.7552": 0.770644,
        "0.7688": 0.770644,
        "0.7824": 0.770644,
        "0.796": 0.002828,
        "0.8096": 0.770644,
        "0.811": 738.444506,
        "0.8112": 738.262802,
        "0.8118": 738.444506,
        "0.812": 738.262802,
        "0.8123": 615.597691,
        "0.8126": 738.444506,
        "0.8128": 738.262802,
        "0.8135": 2985.525138,
        "0.8136": 503.933136
    },
    "asks": {
        "0.8191": 610.487126,
        "0.8195": 732.226974,
        "0.8197": 732.048317,
        "0.8199": 731.869747,
        "0.8203": 732.226974,
        "0.8206": 731.959021,
        "0.8213": 732.137635,
        "0.8215": 731.959021,
        "0.8368": 0.770027,
        "0.8504": 0.770027,
        "0.864": 0.770027,
        "0.8776": 0.770027,
        "0.8912": 0.770027,
        "0.9048": 0.770027,
        "0.9184": 0.770027,
        "0.932": 0.770027,
        "0.9456": 0.770027,
        "0.9592": 0.770027,
        "0.9728": 0.770027,
        "0.9864": 0.770027,
        "1.0": 0.770027,
        "1.0136": 0.770027,
        "1.0272": 0.770027,
        "1.0408": 0.770027,
        "1.0544": 0.770027,
        "1.068": 0.770027,
        "1.0816": 0.770027,
        "1.0952": 0.770027,
        "1.1088": 0.770027,
        "1.1224": 0.770027,
        "1.136": 0.770027,
        "1.1386": 3.130383,
        "1.1496": 0.770027,
        "1.1632": 0.770027,
        "1.1768": 0.770027,
        "1.1904": 0.770027,
        "1.204": 0.770027,
        "1.2176": 0.770027,
        "1.2312": 0.770027,
        "1.2448": 0.770027,
        "1.2584": 0.770027,
        "1.272": 0.770027,
        "1.2856": 0.770027,
        "1.2992": 0.770027,
        "1.3096": 3.064481,
        "1.3128": 0.770027,
        "1.3264": 0.770027,
        "1.34": 0.770027,
        "1.3536": 0.770027,
        "1.3672": 0.770027,
        "1.3808": 0.770027,
        "1.3944": 0.770027,
        "1.3951": 1.450521,
        "1.408": 0.770027,
        "1.4216": 0.770027,
        "1.4352": 0.770027,
        "1.4488": 0.770027,
        "1.4624": 0.769873,
        "1.476": 0.769873,
        "1.4896": 0.769873,
        "1.5032": 0.769873,
        "1.5168": 0.769873,
        "1.5304": 0.769873,
        "1.544": 0.769873,
        "1.5576": 0.769873,
        "1.5712": 0.769873,
        "1.5848": 0.769873,
        "1.5984": 0.769873,
        "1.612": 0.769873,
        "1.6256": 0.769873,
        "1.6392": 0.769873,
        "1.6528": 0.769873,
        "1.6664": 0.769873,
        "1.68": 0.769873,
        "1.7": 90.28599,
        "1.7865": 57.11346,
        "1.9": 126.404984,
        "1.98": 198.498954,
        "2.0": 1386.851091,
        "2.1": 347.941985,
        "2.1166": 72.14535,
        "2.2": 11.102222,
        "2.22": 46.135243,
        "2.24": 26.805587,
        "2.338": 29.052323,
        "2.49": 30.0,
        "2.5": 124.94375,
        "2.55": 235.299851,
        "2.88": 183.533884,
        "3.3099": 66.9603,
        "4.4998": 40.0394,
        "4.8": 10.416666,
        "5.6998": 40.0394,
        "5.9": 200.0,
        "6.3": 89.693322,
        "6.7997": 40.0394,
        "7.3997": 40.0394,
        "7.9": 9.49367,
        "7.9997": 400.0,
        "8.6996": 30.0295,
        "8.9996": 172.0,
        "9.6": 15.0,
        "9.9996": 171.996213,
        "10.0": 16.254987,
        "11.8": 12.53715,
        "14.88": 110.458922,
        "24.88": 122.930091,
        "28.0": 163.099338,
        "28.65": 18.25,
        "34.88": 102.031976,
        "57.0": 163.099338,
        "57.3": 18.25,
        "573.0": 362.698679
    },
    "ts": "1739217550800"
}