{
    "bids": {
        "1e-06": 943067.0,
        "0.005632": 106330.675342,
        "0.005637": 106330.675342,
        "0.005643": 106330.675342,
        "0.005644": 72643.515237
    },
    "asks": {
        "0.005721": 104876.769795,
        "0.005723": 104840.118818,
        "0.005726": 104876.769795,
        "0.005728": 104840.118818,
        "0.005732": 104876.769795,
        "0.005734": 104840.118818,
        "0.009403": 15620.02148,
        "0.013358": 49296.548929
    },
    "ts": "1739194168502"
}