{
    "bids": {
        "0.0341": 29231.218941,
        "0.03412": 116976.173601,
        "0.03415": 80430.750828,
        "0.03418": 29231.218941,
        "0.03419": 14624.15911,
        "0.03421": 29231.218941
    },
    "asks": {
        "0.03438": 43630.017451,
        "0.03441": 29086.678301,
        "0.03443": 50872.09302,
        "0.03444": 29086.678301,
        "0.03445": 87260.0349,
        "0.03447": 29086.678301,
        "0.0345": 29086.678301
    },
    "ts": "1739217536400"
}