{
    "bids": {
        "18.573": 53.723004,
        "18.58": 161.143038,
        "18.591": 94.035462,
        "18.593": 53.723004,
        "18.609": 26.868719,
        "18.614": 53.723004
    },
    "asks": {
        "18.681": 53.530324,
        "18.684": 26.760864,
        "18.696": 93.698129,
        "18.702": 53.530324,
        "18.71": 160.659774,
        "18.722": 53.530324
    },
    "ts": "1739194134009"
}