{
    "bids": {
        "115.91": 25.828668,
        "115.92": 8.607333,
        "116.05": 23.671462,
        "116.18": 8.607333,
        "116.19": 4.303296
    },
    "asks": {
        "116.53": 8.58148,
        "116.56": 4.289636,
        "116.65": 8.581481,
        "116.68": 8.580008,
        "116.71": 15.009862,
        "116.78": 8.581481,
        "116.81": 8.580008,
        "116.85": 25.726776,
        "140.0": 1.190992
    },
    "ts": "1739194168502"
}