{
    "bids": {
        "1e-05": 100.0,
        "0.0017": 10029.066202,
        "0.0018": 3000.0,
        "0.00195": 765.43,
        "0.00449": 223.082054,
        "0.005": 2346.0,
        "0.006": 16634.27,
        "0.01": 233.610517,
        "0.01115": 133.175298,
        "0.01191": 100.435219,
        "0.01243": 133.175298,
        "0.01382": 100.435219,
        "0.01386": 133.175298,
        "0.0145": 410.724261,
        "0.01546": 133.175298,
        "0.01573": 100.435219,
        "0.017": 100.0,
        "0.01724": 133.175298,
        "0.01764": 100.435219,
        "0.01844": 77247.979605,
        "0.01923": 133.175298,
        "0.01955": 100.435219,
        "0.01975": 596.234702,
        "0.02": 201.385751,
        "0.02109": 100.481903,
        "0.02144": 133.175298,
        "0.02146": 100.435219,
        "0.02218": 100.481903,
        "0.02327": 100.481903,
        "0.02337": 100.435219,
        "0.02391": 133.175298,
        "0.02398": 208.507089,
        "0.02436": 100.481903,
        "0.02528": 100.435219,
        "0.02545": 100.481903,
        "0.02654": 100.481903,
        "0.02667": 133.175298,
        "0.027": 10000.0,
        "0.02719": 100.435219,
        "0.02764": 100.481903,
        "0.02821": 5577.5721,
        "0.02873": 100.481903,
        "0.0291": 100.435219,
        "0.02974": 133.175298,
        "0.02982": 100.481903,
        "0.02998": 100.448451,
        "0.03": 4465.309396,
        "0.0305": 111.0,
        "0.03091": 100.481903,
        "0.03101": 100.435219,
        "0.03114": 100.448451,
        "0.032": 100.481903,
        "0.03231": 100.448451,
        "0.03278": 1470.588235,
        "0.03292": 100.435219,
        "0.03309": 100.481903,
        "0.03316": 133.175298,
        "0.03347": 100.448451,
        "0.03419": 100.481903,
        "0.03464": 100.448451,
        "0.03483": 100.435219,
        "0.035": 142.857142,
        "0.03528": 100.481903,
        "0.03575": 783.216783,
        "0.03581": 100.448451,
        "0.03637": 100.481903,
        "0.03674": 100.435219,
        "0.03697": 100.448451,
        "0.03698": 133.175298,
        "0.03715": 392.250336,
        "0.03746": 100.481903,
        "0.03783": 2154.374834,
        "0.03814": 100.448451,
        "0.03817": 1159.81537,
        "0.0382": 172.522343,
        "0.03824": 1117.854199,
        "0.03831": 1044.0044,
        "0.03833": 260.8649,
        "0.03835": 521.512385,
        "0.03836": 521.3218,
        "0.03852": 1689.395213,
        "0.03855": 100.481903,
        "0.0386": 1200.0,
        "0.03863": 1266.235844,
        "0.03865": 100.435219,
        "0.03867": 221.002192,
        "0.03869": 2680.816568,
        "0.0387": 1754.2,
        "0.03878": 1586.103927,
        "0.0388": 600.0,
        "0.03881": 257.6385,
        "0.03882": 257.5722,
        "0.03887": 1579.448118,
        "0.03888": 232.153821,
        "0.03897": 1704.736115,
        "0.03898": 256.5149,
        "0.039": 600.0,
        "0.0391": 4529.264745,
        "0.03912": 74677.81032,
        "0.0393": 1063.0,
        "0.03931": 100.448451,
        "0.03943": 71233.987,
        "0.03957": 7350.238883,
        "0.03964": 100.481903,
        "0.0397": 7350.238883,
        "0.03983": 7350.238883,
        "0.03984": 5023.977777,
        "0.0399": 3131.9,
        "0.03992": 7615.738883,
        "0.03993": 72136.6352,
        "0.03994": 12573.83453,
        "0.03999": 7615.738883,
        "0.04": 10948.998909,
        "0.04001": 8895.35685,
        "0.04002": 265.5,
        "0.04004": 22300.0,
        "0.0401": 1698.7,
        "0.04012": 7615.738883,
        "0.04013": 265.5,
        "0.04014": 12666.29365,
        "0.04017": 12667.831638,
        "0.04019": 265.5,
        "0.0402": 11665.5,
        "0.04021": 265.5,
        "0.04024": 7615.738883,
        "0.04025": 265.5,
        "0.0403": 23833.783665,
        "0.04031": 7615.738883,
        "0.04032": 6453.618811,
        "0.04033": 265.5,
        "0.04034": 12641.737623,
        "0.04035": 12637.144191,
        "0.04037": 6451.322095,
        "0.04038": 7731.725738,
        "0.04039": 12847.699653,
        "0.0404": 4664.503497,
        "0.04041": 531.0
    },
    "asks": {
        "0.04044": 10000.0,
        "0.04046": 265.5,
        "0.04048": 1763.87374,
        "0.04049": 388.850191,
        "0.0405": 122.694457,
        "0.04051": 1000.0,
        "0.04052": 265.5,
        "0.04053": 7164.94134,
        "0.04054": 7826.910731,
        "0.04055": 265.5,
        "0.04056": 512.200382,
        "0.04057": 300.0,
        "0.0406": 265.5,
        "0.04061": 7615.738883,
        "0.04066": 894.342304,
        "0.04067": 265.5,
        "0.04068": 7615.738883,
        "0.04074": 265.5,
        "0.04075": 7615.738883,
        "0.04082": 265.5,
        "0.04083": 7615.738883,
        "0.04089": 265.5,
        "0.0409": 7615.738883,
        "0.04096": 265.5,
        "0.04097": 7615.738883,
        "0.04102": 1022.920915,
        "0.04103": 265.5,
        "0.04104": 7615.738883,
        "0.04112": 7233.544616,
        "0.0412": 370.0,
        "0.04121": 7350.238883,
        "0.04128": 7350.238883,
        "0.0414": 370.0,
        "0.04141": 7350.238883,
        "0.04154": 7350.238883,
        "0.04164": 100.368092,
        "0.04167": 7350.238883,
        "0.04173": 4052.4222,
        "0.0418": 7350.238883,
        "0.04183": 100.381421,
        "0.0419": 2210.0,
        "0.04193": 7350.238883,
        "0.0424": 100.823124,
        "0.04241": 235.7687,
        "0.04247": 100.35487,
        "0.04258": 234.8274,
        "0.04259": 2008.276114,
        "0.04281": 100.368092,
        "0.04292": 566.315821,
        "0.04296": 465.5006,
        "0.04297": 232.6961,
        "0.04298": 232.642,
        "0.0431": 231.9943,
        "0.04318": 231.5644,
        "0.0432": 1710.0,
        "0.04325": 5213.088,
        "0.04348": 231.968097,
        "0.04397": 100.368092,
        "0.044": 2450.409814,
        "0.04401": 100.381421,
        "0.04438": 100.35487,
        "0.0444": 1710.0,
        "0.04444": 8526.086118,
        "0.0451": 100.381421,
        "0.04514": 100.368092,
        "0.04577": 1092.418614,
        "0.04578": 231.968097,
        "0.04599": 133.068757,
        "0.04619": 100.381421,
        "0.04629": 100.35487,
        "0.0463": 100.368092,
        "0.04729": 100.381421,
        "0.04747": 100.368092,
        "0.04761": 162.864601,
        "0.04808": 231.968097,
        "0.0482": 100.35487,
        "0.04838": 100.381421,
        "0.04864": 100.368092,
        "0.049": 1000.0,
        "0.04947": 100.381421,
        "0.0498": 100.368092,
        "0.05": 80713.838831,
        "0.05011": 100.35487,
        "0.05038": 231.968097,
        "0.05056": 100.381421,
        "0.05097": 100.368092,
        "0.05098": 1617.356773,
        "0.051": 200.0,
        "0.05129": 133.068757,
        "0.05165": 100.381421,
        "0.05202": 100.35487,
        "0.05214": 100.368092,
        "0.05215": 29459.159235,
        "0.05268": 231.968097,
        "0.05274": 100.381421,
        "0.053": 100.0,
        "0.0533": 100.368092,
        "0.05349": 7996.52,
        "0.0536": 100.823124,
        "0.05384": 100.381421,
        "0.05393": 100.35487,
        "0.054": 4974.24565,
        "0.05447": 100.368092,
        "0.05493": 100.381421,
        "0.05499": 231.968097,
        "0.055": 200.0,
        "0.05564": 100.368092,
        "0.05584": 100.35487,
        "0.05586": 106.814382,
        "0.056": 1942.541108,
        "0.05602": 100.381421,
        "0.0566": 34821.674682,
        "0.0568": 100.368092,
        "0.057": 202.280314,
        "0.05711": 100.381421,
        "0.05719": 133.068757,
        "0.05729": 231.968097,
        "0.05775": 100.35487,
        "0.05797": 100.368092,
        "0.058": 1679.870161,
        "0.0582": 100.381421,
        "0.059": 102.280314,
        "0.05913": 100.368092,
        "0.05929": 100.381421,
        "0.05932": 1509.434412,
        "0.05959": 231.968097,
        "0.05966": 100.35487,
        "0.06": 7299.823219,