{
    "bids": {
        "0.00444": 224466.8,
        "0.004441": 898573.5,
        "0.004444": 393346.8,
        "0.004445": 224416.5,
        "0.004447": 224466.8,
        "0.004448": 224416.5,
        "0.00445": 112359.5,
        "0.004451": 112334.3,
        "0.004452": 224416.5,
        "0.004455": 224466.8,
        "0.004456": 224416.5
    },
    "asks": {
        "0.004471": 223663.6,
        "0.004475": 223663.6,
        "0.004477": 111681.9,
        "0.004479": 223663.6,
        "0.004481": 390886.6,
        "0.004482": 223663.6,
        "0.004483": 670540.8,
        "0.004486": 223663.6
    },
    "ts": "1739217550800"
}