{
    "bids": {
        "0.1": 109.564237,
        "0.2": 25.0,
        "0.5": 10.0,
        "0.9": 0.008165,
        "1.0": 8.0,
        "1.9": 0.007296,
        "800.0": 0.007761,
        "809.7": 0.048872,
        "836.6": 0.007761,
        "873.3": 0.007761,
        "909.9": 0.007761,
        "949.8": 0.61989,
        "953.6": 0.525611,
        "957.2": 1.025006,
        "960.7": 0.54609,
        "961.4": 0.622921,
        "962.4": 0.622921,
        "963.0": 1.707118,
        "963.1": 1.707118,
        "963.2": 0.569506,
        "963.3": 0.622921,
        "963.4": 0.12862,
        "963.5": 0.14978,
        "963.8": 1.362055,
        "963.9": 3.773041
    },
    "asks": {
        "967.6": 0.129344,
        "967.7": 0.7641,
        "968.2": 0.621053,
        "969.2": 0.569506,
        "969.3": 0.569506,
        "969.4": 1.708518,
        "969.5": 1.708518,
        "971.7": 0.617536,
        "972.6": 0.539176,
        "972.7": 0.617536,
        "973.6": 0.617536,
        "975.9": 0.419695,
        "979.5": 0.502854,
        "983.2": 0.537569,
        "983.3": 0.007757,
        "1019.9": 0.007761,
        "1056.6": 0.007761,
        "1093.3": 0.007761,
        "1129.9": 0.007761,
        "1166.6": 0.007761,
        "1203.3": 0.007761,
        "1239.9": 0.007761,
        "1276.6": 0.007761,
        "1313.3": 0.007761,
        "1349.9": 0.007761,
        "1386.6": 0.007761,
        "1423.3": 0.007761,
        "1459.9": 0.007761,
        "1496.6": 0.007761,
        "1533.3": 0.007761,
        "1569.9": 0.007761,
        "1606.6": 0.007761,
        "1643.3": 0.007761,
        "1679.9": 0.007761,
        "1716.6": 0.007761,
        "1719.0": 0.033509,
        "1745.1": 0.07993,
        "1753.3": 0.007761,
        "1789.9": 0.007761,
        "1826.6": 0.007761,
        "1863.3": 0.007761,
        "1900.0": 0.007761,
        "1915.0": 0.052962,
        "1922.1": 0.056127,
        "1955.8": 0.002712,
        "2000.0": 1.0,
        "2021.3": 0.002724,
        "2272.9": 0.021584,
        "2300.0": 0.300835,
        "2301.1": 0.085509,
        "2400.0": 0.300635,
        "2422.9": 0.250359,
        "2789.0": 0.023,
        "2814.8": 0.114842,
        "2823.3": 0.587993,
        "3114.9": 0.375538,
        "3330.0": 0.001,
        "3395.6": 0.114842,
        "3770.0": 0.001,
        "4058.8": 0.625895,
        "4128.0": 0.0044,
        "5504.0": 0.0044,
        "6875.0": 0.0044
    },
    "ts": "1739217550800"
}