{
    "bids": {
        "4.9e-05": 94270.613,
        "5e-05": 2000000.0,
        "0.0027": 1634.701443,
        "0.003245": 184577.05506,
        "0.003247": 184463.573931,
        "0.003248": 184577.05506,
        "0.00325": 184463.573931,
        "0.003251": 184577.05506,
        "0.003253": 184463.573931,
        "0.00327": 6736.410905,
        "0.003273": 6425.703397
    },
    "asks": {
        "0.003303": 3399.924411,
        "0.003313": 181122.851192,
        "0.003314": 181068.197344,
        "0.003316": 181122.851192,
        "0.003317": 181068.197344,
        "0.003319": 181122.851192,
        "0.00332": 181068.197344,
        "0.003324": 180523.467509,
        "0.003327": 180523.467509,
        "0.00333": 180523.467509,
        "0.0045": 1634.701443,
        "0.0049": 2044.0,
        "0.00569": 5470.985298,
        "0.008233": 11488.402689,
        "0.01": 7780.694433,
        "0.01254": 500.0,
        "0.01286": 16973.0,
        "0.0135": 10369.334973,
        "0.06": 6598.036206,
        "3517.0": 567.934158
    },
    "ts": "1739217550800"
}