{
    "bids": {
        "1.4e-05": 76429.3,
        "0.002": 7962.4,
        "0.00202": 4950.4,
        "0.0021": 126428.5,
        "0.002196": 1962.4,
        "0.0023": 4347.8,
        "0.002393": 1962.4,
        "0.0024": 5009.8,
        "0.002589": 1962.4,
        "0.00285": 210105.0,
        "0.002851": 210105.0,
        "0.002853": 210105.0,
        "0.002856": 385192.5,
        "0.002863": 918420.4,
        "0.002866": 992401.1
    },
    "asks": {
        "0.002883": 784200.6,
        "0.002886": 173267.5,
        "0.002887": 173207.4,
        "0.002892": 207489.6,
        "0.002893": 207417.9,
        "0.002895": 207489.6,
        "0.002896": 207417.9,
        "0.002898": 207489.6,
        "0.002983": 1961.4,
        "0.003179": 1962.4,
        "0.003376": 1962.4,
        "0.003573": 1962.4,
        "0.003769": 1962.4,
        "0.003919": 200.0,
        "0.003966": 1962.4,
        "0.004": 1612.1,
        "0.00411": 398127.8,
        "0.004133": 161.4,
        "0.004163": 1962.4,
        "0.004266": 161.4,
        "0.004359": 1962.4,
        "0.004399": 161.4,
        "0.004419": 250.0,
        "0.004533": 161.4,
        "0.004556": 1962.4,
        "0.004666": 161.4,
        "0.004753": 1962.4,
        "0.004799": 161.4,
        "0.004819": 750.0,
        "0.004933": 161.4,
        "0.004949": 1962.4,
        "0.005": 3292.8,
        "0.005066": 161.4,
        "0.005146": 1962.4,
        "0.005199": 161.4,
        "0.005319": 298.5,
        "0.005333": 161.4,
        "0.005343": 1962.4,
        "0.005466": 161.4,
        "0.005539": 1962.4,
        "0.005599": 161.4,
        "0.005632": 261.6,
        "0.005642": 2072.1,
        "0.005686": 2072.1,
        "0.005727": 261.6,
        "0.005729": 2072.1,
        "0.005733": 161.4,
        "0.005736": 1962.4,
        "0.005773": 2072.1,
        "0.0058": 13901.0,
        "0.005817": 2072.1,
        "0.005822": 261.6,
        "0.005862": 2072.1,
        "0.005866": 161.4,
        "0.005906": 2072.1,
        "0.005917": 261.6,
        "0.005933": 1962.4,
        "0.005952": 2072.1,
        "0.005997": 2072.1,
        "0.005999": 161.4,
        "0.006": 3220.2,
        "0.006012": 261.6,
        "0.006043": 2072.1,
        "0.006089": 2072.1,
        "0.006107": 261.6,
        "0.006129": 1962.4,
        "0.006133": 161.4,
        "0.006136": 2072.1,
        "0.006183": 2072.1,
        "0.006202": 261.6,
        "0.00623": 2072.1,
        "0.006266": 161.4,
        "0.006278": 2072.1,
        "0.006296": 261.6,
        "0.006326": 4034.5,
        "0.006374": 2072.1,
        "0.006391": 261.6,
        "0.006399": 161.4,
        "0.006423": 2072.1,
        "0.006472": 2072.1,
        "0.006486": 261.6,
        "0.006522": 2072.1,
        "0.006523": 1962.4,
        "0.006533": 161.4,
        "0.006571": 2072.1,
        "0.006581": 261.6,
        "0.006586": 3063.1,
        "0.006622": 2072.1,
        "0.006666": 2145.9,
        "0.006672": 2072.1,
        "0.006676": 261.6,
        "0.006719": 1962.4,
        "0.006723": 2072.1,
        "0.006771": 261.6,
        "0.006775": 2072.1,
        "0.006799": 161.4,
        "0.0068": 100.0,
        "0.006827": 2072.1,
        "0.006866": 261.6,
        "0.006879": 2072.1,
        "0.006916": 1962.4,
        "0.006932": 2072.1,
        "0.006933": 161.4,
        "0.006961": 261.6,
        "0.006985": 2072.1,
        "0.007": 1808.8,
        "0.007038": 2072.1,
        "0.007055": 261.6,
        "0.007066": 161.4,
        "0.007092": 2072.1,
        "0.007113": 1962.4,
        "0.007146": 2072.1,
        "0.00715": 261.6,
        "0.007199": 161.4,
        "0.0072": 100.0,
        "0.007201": 2072.1,
        "0.007245": 261.6,
        "0.007256": 2072.1,
        "0.007309": 1962.4,
        "0.007311": 2072.1,
        "0.007333": 161.4,
        "0.00734": 261.6,
        "0.007367": 2072.1,
        "0.0074": 100.0,
        "0.007424": 2072.1,
        "0.007435": 261.6,
        "0.007466": 161.4,
        "0.007481": 2072.1,
        "0.007506": 1962.4,
        "0.00753": 261.6,
        "0.007538": 2072.1,
        "0.007596": 2072.1,
        "0.007599": 161.4,
        "0.0076": 100.0,
        "0.007625": 261.6,
        "0.007654": 2072.1,
        "0.007703": 1962.4,
        "0.007712": 2072.1,
        "0.00772": 261.6,
        "0.007733": 161.4,
        "0.007771": 2072.1,
        "0.0078": 100.0,
        "0.007814": 261.6,
        "0.007831": 2072.1,
        "0.007866": 161.4,
        "0.007891": 2072.1,
        "0.0079": 1962.4,
        "0.007909": 261.6,
        "0.007951": 2072.1,
        "0.007966": 117.5,
        "0.007999": 161.4,
        "0.008": 100.0,
        "0.008004": 261.6,
        "0.008012": 2072.1,
        "0.008073": 2072.1,
        "0.008099": 261.6,
        "0.008133": 278.9,
        "0.008135": 2072.1,
        "0.008194": 261.6,
        "0.008197": 2072.1,
        "0.0082": 8906.3,
        "0.00826": 2072.1,
        "0.008266": 161.4,
        "0.008289": 261.6,
        "0.008297": 30918.5,
        "0.008299": 117.5,
        "0.008323": 2072.1,
        "0.008384": 261.6,
        "0.008387": 2072.1,
        "0.008399": 161.4,
        "0.0084": 100.0,
        "0.008451": 2072.1,
        "0.008466": 117.6,
        "0.008479": 261.6,
        "0.0085": 3050.0,
        "0.008515": 2072.1,
        "0.008533": 161.4,
        "0.008544": 99334.1,
        "0.008573": 261.6,
        "0.008581": 2072.1,
        "0.0086": 100.0,
        "0.008633": 117.6,
        "0.008646": 2072.1,
        "0.008666": 161.4,
        "0.008668": 261.6,
        "0.008712": 2072.1,
        "0.008763": 261.6,
        "0.008779": 2072.1,
        "0.008799": 161.4,
        "0.0088": 1516.1,
        "0.008846": 230901.0,
        "0.008858": 261.6,
        "0.008866": 1128.9,
        "0.0089": 1100.0,
        "0.008914": 2072.1,
        "0.008933": 161.4,
        "0.008953": 261.6,
        "0.008982": 2072.1,
        "0.009": 288556.8,
        "0.009026": 80701.0,
        "0.009048": 261.6,
        "0.009051": 2072.1,
        "0.009066": 161.4,
        "0.00912": 2072.1,
        "0.009143": 261.6,
        "0.00919": 2072.1,
        "0.009199": 161.4,
        "0.0092": 100.0,
        "0.009238": 261.6,
        "0.00926": 2072.1,
        "0.009331": 2072.1,
        "0.009332": 261.6,
        "0.009333": 161.4,
        "0.0094": 100.0,
        "0.009402": 2072.1,
        "0.009427": 261.6,
        "0.009466": 161.4,
        "0.009474": 2072.1,
        "0.0095": 15676.1,
        "0.009522": 261.6,
        "0.009527": 742.9,
        "0.009547": 2072.1,
        "0.009599": 161.4,
        "0.0096": 100.0,
        "0.009617": 261.6,
        "0.00962": 2072.1,
        "0.009694": 2072.1,
        "0.0097": 768.0,
        "0.009712": 261.6,
        "0.009733": 161.4,
        "0.009751": 50431.7,
        "0.009762": 687.7,
        "0.009768": 2072.1,
        "0.0098": 100.0,
        "0.009807": 261.6,
        "0.009842": 2072.1,
        "0.009866": 161.4,
        "0.009869": 10453.3,
        "0.009902": 261.6,
        "0.009918": 2072.1,
        "0.009994": 2072.1,
        "0.009997": 261.6,
        "0.009999": 161.4,
        "0.01": 2503.0,
        "0.01007": 2072.1,
        "0.010091": 261.6,
        "0.010117": 4780.1,
        "0.010133": 161.4,
        "0.010147": 2072.1,
        "0.010186": 261.6,
        "0.0102": 100.0,
        "0.010225": 2072.1,
        "0.01025": 744.9,
        "0.010266": 161.4,
        "0.010281": 261.6,
        "0.010303": 2072.1,
        "0.010376": 261.6,
        "0.010382": 2072.1,
        "0.010399": 161.4,
        "0.0104": 2503.8,
        "0.010461": 2071.7,
        "0.010471": 261.6,
        "0.010533": 161.5,
        "0.010541": 2071.7,
        "0.010566": 261.6,
        "0.0106": 100.0,
        "0.010622": 2071.7,
        "0.010623": 168.3,
        "0.010661": 261.6,
        "0.010666": 161.5,
        "0.010703": 2071.7,
        "0.010756": 261.6,
        "0.010785": 2071.7,
        "0.010799": 161.5,
        "0.01085": 261.6,