{
    "bids": {
        "0.9066": 1000.0,
        "0.9166": 1000.0,
        "0.9566": 1000.0,
        "0.9689": 100.0,
        "0.98": 0.010204,
        "0.9833": 300.0,
        "0.9858": 16.846316,
        "0.9864": 21.763593,
        "0.9869": 21.425551,
        "0.9874": 22.672355,
        "0.9877": 22.458213,
        "0.9879": 22.375829,
        "0.988": 3.022626,
        "0.9882": 21.255225,
        "0.9884": 22.57331,
        "0.9887": 21.220234,
        "0.9889": 22.916335,
        "0.9892": 22.888363,
        "0.9894": 22.834303,
        "0.9897": 21.595452,
        "0.9899": 21.671007,
        "0.9902": 22.250404,
        "0.9904": 21.292878,
        "0.9905": 100.0,
        "0.9907": 21.270856,
        "0.9909": 21.032306,
        "0.991": 100.0,
        "0.9911": 500.0,
        "0.9912": 22.105185,
        "0.9914": 22.208996,
        "0.9917": 22.208383,
        "0.9919": 21.13418,
        "0.9921": 500.0,
        "0.9922": 21.015164,
        "0.9923": 500.0,
        "0.9924": 21.65845,
        "0.9927": 21.013065,
        "0.9929": 21.995298,
        "0.993": 0.002738,
        "0.9932": 1021.648283,
        "0.9934": 21.375366,
        "0.9937": 22.066016,
        "0.9939": 21.572553,
        "0.9942": 21.763505,
        "0.9944": 21.763114,
        "0.9947": 22.515828,
        "0.9949": 21.126783,
        "0.9951": 1000.0,
        "0.9952": 122.519841,
        "0.9954": 21.1625,
        "0.9957": 21.048266,
        "0.9958": 0.002738,
        "0.996": 1000.0,
        "0.9961": 100.0,
        "0.9962": 22.1403,
        "0.9963": 50.0,
        "0.9965": 25.0,
        "0.9966": 25.0,
        "0.9967": 46.533139,
        "0.9968": 96.644615,
        "0.9969": 25.0,
        "0.997": 600.0,
        "0.9971": 311.508677,
        "0.9972": 364.204909,
        "0.9973": 152.989939
    },
    "asks": {
        "0.9977": 58.194365,
        "0.9978": 100.0,
        "0.9979": 100.0,
        "0.998": 100.0,
        "0.9981": 100.0,
        "0.9982": 3.531312,
        "0.9983": 90.179976,
        "0.9984": 120.0,
        "0.9985": 200.0,
        "0.9986": 120.002736,
        "0.9987": 549.801882,
        "0.9988": 259.785012,
        "0.9989": 300.0,
        "0.999": 355.0,
        "0.9991": 103.686545,
        "0.9992": 112.596553,
        "0.9993": 271.625465,
        "0.9994": 525.032223,
        "0.9995": 310.004595,
        "0.9996": 348.810308,
        "0.9997": 71.027093,
        "0.9998": 145.114194,
        "0.9999": 303.315937,
        "1.0": 1156.12635,
        "1.0001": 1170.339538,
        "1.0002": 0.01498,
        "1.0003": 22.140422,
        "1.0005": 21.4614,
        "1.0008": 9.645808,
        "1.0009": 22.559208,
        "1.001": 2.495031,
        "1.0011": 22.572051,
        "1.0015": 22.474552,
        "1.0017": 22.605197,
        "1.0021": 22.132762,
        "1.0023": 22.10153,
        "1.0027": 21.172425,
        "1.0029": 21.2095,
        "1.0033": 22.130785,
        "1.0035": 22.19781,
        "1.0039": 21.364129,
        "1.0041": 21.304266,
        "1.0043": 0.002738,
        "1.0045": 22.051106,
        "1.0047": 22.679597,
        "1.0051": 21.234326,
        "1.0053": 21.029601,
        "1.0057": 21.848389,
        "1.0059": 22.2233,
        "1.0063": 21.387914,
        "1.0065": 22.458122,
        "1.0069": 21.425627,
        "1.0071": 22.337443,
        "1.0072": 0.002738,
        "1.0075": 21.83769,
        "1.0077": 21.073311,
        "1.0081": 22.434006,
        "1.0086": 0.002738,
        "1.0087": 21.965382,
        "1.0093": 22.731056,
        "1.01": 3.13477,
        "1.0114": 0.002738,
        "1.0128": 0.002738,
        "1.0143": 0.002738,
        "1.0157": 0.002738,
        "1.0171": 0.002738,
        "1.0185": 0.002738,
        "1.02": 2.277261,
        "1.025": 5.0,
        "1.04": 30.638105,
        "1.0995": 5.917027,
        "1.1499": 0.0015,
        "1.15": 1.1748,
        "1.3004": 0.0015,
        "1.5": 0.007514,
        "2.0": 0.038619,
        "230.0": 0.001,
        "280.29": 0.01,
        "306.2": 10.300113
    },
    "ts": "1739217536400"
}