{
    "bids": {
        "0.087013": 11467.2,
        "0.087019": 34371.3,
        "0.087074": 21787.5,
        "0.087109": 11467.2,
        "0.087205": 20640.9
    },
    "asks": {
        "0.087606": 9131.7,
        "0.087662": 11407.4,
        "0.087749": 21684.9,
        "0.087758": 11407.4,
        "0.087855": 11407.4,
        "0.08787": 34243.1
    },
    "ts": "1739194158902"
}