{
    "bids": {
        "1e-05": 100.0,
        "0.0001": 1000.0,
        "0.00011": 50000.0,
        "0.00014": 3765.29,
        "0.001": 100.0,
        "0.00169": 2958.579881,
        "0.0017": 2941.17647,
        "0.00171": 2923.976608,
        "0.00172": 2906.976744,
        "0.0025": 50508.357819,
        "0.004": 765.39,
        "0.00518": 2333.0,
        "0.00629": 360.0,
        "0.00632": 1440.0,
        "0.00633": 2400.0,
        "0.00634": 1920.0,
        "0.00635": 960.0,
        "0.00636": 120.0,
        "0.0066": 500.0,
        "0.00802": 3745.0,
        "0.0088": 500.0,
        "0.01": 10.0,
        "0.0111": 500.0,
        "0.0125": 100.0,
        "0.014": 11724.882277,
        "0.01419": 108.607113,
        "0.01438": 108.607113,
        "0.01458": 108.607113,
        "0.01479": 108.607113,
        "0.01499": 108.607113,
        "0.015": 1533.333333,
        "0.0152": 108.607113,
        "0.01541": 108.607113,
        "0.01562": 108.607113,
        "0.01584": 108.607113,
        "0.016": 2000.0,
        "0.01606": 108.607113,
        "0.01613": 100.329325,
        "0.01628": 108.607113,
        "0.01649": 100.329325,
        "0.0165": 108.607113,
        "0.01666": 6002.40096,
        "0.01673": 108.607113,
        "0.01685": 100.329325,
        "0.01696": 108.607113,
        "0.0171": 600.0,
        "0.0172": 108.607113,
        "0.01722": 100.329325,
        "0.01744": 108.607113,
        "0.01756": 150000.0,
        "0.0176": 100.329325,
        "0.01768": 108.607113,
        "0.01792": 108.607113,
        "0.01799": 100.329325,
        "0.018": 280.236617,
        "0.01817": 108.607113,
        "0.01825": 90000.0,
        "0.01839": 100.329325,
        "0.01842": 108.607113,
        "0.01867": 108.607113,
        "0.0188": 100.329325,
        "0.01893": 108.607113,
        "0.01919": 108.607113,
        "0.01922": 100.329325,
        "0.01926": 65218.124621,
        "0.01933": 100000.0,
        "0.01946": 108.607113,
        "0.01964": 100.329325,
        "0.01973": 108.607113,
        "0.02": 108.607113,
        "0.02007": 100.329325,
        "0.02028": 108.607113,
        "0.02051": 100.329325,
        "0.02056": 108.607113,
        "0.02084": 108.607113,
        "0.02096": 100.329325,
        "0.02113": 108.607113,
        "0.0212": 7968.027355,
        "0.0214": 7893.559809,
        "0.02142": 208.936438,
        "0.02143": 3364.891664,
        "0.0216": 7820.471292,
        "0.02162": 3474.455029,
        "0.0217": 500.0,
        "0.02172": 108.607113,
        "0.02178": 12904.871979,
        "0.0218": 1560.0,
        "0.02184": 7182.065473,
        "0.02187": 3516.32719,
        "0.02189": 3090.329325,
        "0.02192": 9357.654655,
        "0.02194": 1110.0,
        "0.02196": 4660.0,
        "0.02199": 25559.982413,
        "0.022": 11517.421358,
        "0.02202": 108.607113,
        "0.02205": 4660.0,
        "0.02207": 9724.347768,
        "0.02209": 3820.0,
        "0.0221": 1000.0,
        "0.02212": 500.0,
        "0.02213": 37370.163181,
        "0.02214": 500.0,
        "0.02215": 2300.0,
        "0.02216": 11434.263081,
        "0.02217": 500.0,
        "0.02218": 2300.0,
        "0.0222": 13544.183778,
        "0.02221": 2800.0,
        "0.02223": 2450.0,
        "0.02224": 150.0,
        "0.02225": 28543.763801,
        "0.02226": 2950.0,
        "0.02227": 150.0,
        "0.02228": 150.0,
        "0.02229": 2650.0,
        "0.0223": 61382.203328,
        "0.02231": 6046.15603,
        "0.02232": 150.0,
        "0.02233": 2558.607113,
        "0.02234": 150.0,
        "0.02235": 8928.31946,
        "0.02236": 150.0,
        "0.02237": 21444.580837,
        "0.02238": 3936.842921,
        "0.02239": 46299.632921,
        "0.0224": 117052.882715,
        "0.02241": 1636.842921,
        "0.02242": 14111.320797,
        "0.02243": 1786.842921,
        "0.02244": 1786.842921,
        "0.02245": 2449.820934,
        "0.02246": 24046.015092,
        "0.02247": 3430.082189,
        "0.02248": 4877.260768,
        "0.02249": 96000.819172,
        "0.0225": 102511.569904,
        "0.02251": 72380.394128,
        "0.02252": 39933.846101,
        "0.02253": 56650.827943,
        "0.02254": 61558.621517,
        "0.02255": 28911.475888,
        "0.02256": 14991.909095,
        "0.02257": 12520.239296
    },
    "asks": {
        "0.02259": 23278.71917,
        "0.0226": 11700.0,
        "0.02261": 59065.748583,
        "0.02262": 55913.270953,
        "0.02263": 83862.031523,
        "0.02264": 40682.65,
        "0.02265": 107324.409631,
        "0.02266": 920.0,
        "0.02267": 2149.738168,
        "0.02268": 1786.842921,
        "0.02269": 2440.840686,
        "0.0227": 1719.735401,
        "0.02271": 3789.42801,
        "0.02272": 3280.263338,
        "0.02273": 3280.263338,
        "0.02274": 1919.735401,
        "0.02275": 1753.950441,
        "0.02276": 827.331828,
        "0.02277": 150.0,
        "0.02278": 3020.257528,
        "0.02279": 150.0,
        "0.0228": 650.0,
        "0.02281": 150.0,
        "0.02282": 19336.851111,
        "0.02283": 18279.320332,
        "0.02284": 150.0,
        "0.02285": 150.0,
        "0.02286": 100.249061,
        "0.02288": 4676.787021,
        "0.02289": 6781.486561,
        "0.0229": 2800.0,
        "0.02295": 108.520227,
        "0.02297": 2300.0,
        "0.02298": 22046.424174,
        "0.02305": 3009.453992,
        "0.02308": 131.368923,
        "0.02309": 9438.334129,
        "0.02311": 16563.589886,
        "0.02323": 21799.735506,
        "0.02327": 108.520227,
        "0.02336": 100.249061,
        "0.02337": 12924.195999,
        "0.02359": 108.520227,
        "0.02388": 100.249061,
        "0.02391": 108.520227,
        "0.02424": 108.520227,
        "0.02441": 100.249061,
        "0.0245": 579.536,
        "0.02458": 108.520227,
        "0.02492": 108.520227,
        "0.02495": 100.249061,
        "0.025": 36339.12795,
        "0.02506": 2572.539914,
        "0.02526": 108.520227,
        "0.0255": 100.249061,
        "0.02561": 108.520227,
        "0.02588": 72967.15,
        "0.02597": 108.520227,
        "0.02606": 100.249061,
        "0.02615": 3779.023735,
        "0.02618": 3326.961422,
        "0.0262": 3841.022745,
        "0.02633": 108.520227,
        "0.02663": 100.249061,
        "0.02669": 108.520227,
        "0.02696": 10271.776355,
        "0.02706": 108.520227,
        "0.02722": 100.249061,
        "0.02743": 108.520227,
        "0.02781": 108.520227,
        "0.02782": 100.249061,
        "0.0282": 108.520227,
        "0.02843": 100.249061,
        "0.02859": 108.520227,
        "0.0286": 1091.1019,
        "0.02898": 108.520227,
        "0.029": 370.411567,
        "0.02906": 100.249061,
        "0.02938": 108.520227,
        "0.0297": 100.249061,
        "0.02979": 108.520227,
        "0.0301": 13992.078565,
        "0.0302": 108.520227,
        "0.03035": 100.249061,
        "0.0305": 181.850344,
        "0.03062": 108.520227,
        "0.03102": 100.249061,
        "0.03104": 12.75559,
        "0.03147": 108.520227,
        "0.03166": 2217.536186,
        "0.03168": 196245.6,
        "0.0317": 1028.891914,
        "0.03191": 108.498505,
        "0.03222": 3103.662321,
        "0.03227": 912.21189,
        "0.03235": 108.498505,
        "0.0324": 100.249061,
        "0.0325": 181.850345,
        "0.0328": 108.498505,
        "0.03285": 896.074062,
        "0.033": 460.885608,
        "0.03311": 100.249061,
        "0.03325": 108.498505,
        "0.03333": 100.0,
        "0.03344": 880.228851,
        "0.03371": 108.498505,
        "0.03384": 100.249061,
        "0.0339": 27655.05742,
        "0.034": 742.77127,
        "0.03405": 864.416357,
        "0.03418": 108.498505,
        "0.0342": 12016.978525,
        "0.03458": 100.249061,
        "0.03465": 108.498505,
        "0.03467": 848.912269,
        "0.0349": 51366.6899,
        "0.035": 25155.498905,
        "0.03505": 3073.507641,
        "0.0351": 1118.268115,