{
    "bids": {
        "1e-05": 1000000.0,
        "2e-05": 5940642.7594,
        "0.09824": 6096.31216,
        "0.09833": 6096.31216,
        "0.09843": 6096.31216,
        "0.09852": 4161.591555
    },
    "asks": {
        "0.09926": 6045.335543,
        "0.09935": 6045.335543,
        "0.09945": 6045.335543,
        "0.1427": 234.707519,
        "0.15": 90.348958,
        "0.16": 73.705729,
        "0.19": 73.705729,
        "0.2": 10.741739,
        "0.63": 83.96,
        "0.73": 83.96,
        "0.83": 83.96,
        "0.93": 83.96,
        "1.03": 83.54
    },
    "ts": "1739217536400"
}