{
    "bids": {
        "0.0001": 10010.0,
        "0.0003": 4459.0938,
        "0.001": 100.0,
        "0.01": 2.710059,
        "0.03": 2.710059,
        "0.05": 2.710059,
        "0.07": 2.710059,
        "0.0808": 742.574257,
        "0.09": 2.710059,
        "0.11": 2.710059,
        "0.1288": 1.2,
        "0.1289": 1.2,
        "0.129": 6.0,
        "0.1291": 6.0,
        "0.1292": 6.0,
        "0.1293": 7.2,
        "0.1294": 7.2,
        "0.1295": 6.0,
        "0.1296": 7.2,
        "0.1297": 6.0,
        "0.13": 2.710059,
        "0.15": 2.710059,
        "0.17": 2.710059,
        "0.19": 4.432955,
        "0.1944": 1.722896,
        "0.199": 1.722896,
        "0.2": 10.0,
        "0.2036": 1.722896,
        "0.2084": 1.722896,
        "0.21": 2.710059,
        "0.2133": 1.722896,
        "0.2183": 1.722896,
        "0.223": 448.430493,
        "0.2234": 1.722896,
        "0.2287": 1.722896,
        "0.23": 3.712491,
        "0.234": 1.722896,
        "0.2376": 1.002432,
        "0.2395": 1.722896,
        "0.2451": 1.722896,
        "0.2453": 1.002432,
        "0.25": 7.712459,
        "0.2505": 142.678939,
        "0.2509": 1.722896,
        "0.253": 1.002432,
        "0.256": 15.165412,
        "0.2568": 1.722896,
        "0.258": 1.0024,
        "0.2607": 1.002432,
        "0.2628": 1.722896,
        "0.266": 1.0024,
        "0.2683": 1.002432,
        "0.269": 1.722896,
        "0.27": 2.710059,
        "0.2741": 1.0024,
        "0.2753": 1.722896,
        "0.276": 1.002432,
        "0.2796": 286.123033,
        "0.2801": 642.627633,
        "0.2817": 1.722896,
        "0.2821": 1.0024,
        "0.2837": 1.002432,
        "0.2849": 120.050967,
        "0.288": 300.0,
        "0.2883": 1.722896,
        "0.29": 2.710059,
        "0.2901": 1.0024,
        "0.2914": 1.002432,
        "0.2951": 1.722896,
        "0.2982": 1.0024,
        "0.2991": 1.002432,
        "0.2999": 27.519648,
        "0.3": 2963.315502,
        "0.302": 1.722896,
        "0.3062": 1.0024,
        "0.3067": 1.002432,
        "0.3088": 300.0,
        "0.3091": 1.722896,
        "0.31": 68.228238,
        "0.3142": 1.0024,
        "0.3144": 1.002432,
        "0.315": 32.0,
        "0.3163": 1.722896,
        "0.32": 32.25205,
        "0.3221": 1.002432,
        "0.3223": 1.0024,
        "0.3238": 1.722896,
        "0.328": 500.0,
        "0.3298": 1.002432,
        "0.33": 3.712109,
        "0.3303": 1.0024,
        "0.3314": 1.722896,
        "0.3374": 1.002432,
        "0.3383": 1.0024,
        "0.3391": 1.722896,
        "0.34": 1.00205,
        "0.3451": 1.002432,
        "0.3464": 1.0024,
        "0.3471": 1.722896,
        "0.35": 6.712109,
        "0.3528": 1.002432,
        "0.3544": 1.0024,
        "0.3552": 1.722896,
        "0.3591": 1.825883,
        "0.36": 1900.767125,
        "0.3605": 1.002432,
        "0.3623": 69.003588,
        "0.3624": 1.0024,
        "0.3636": 1.722896,
        "0.365": 600.0,
        "0.3667": 14.447408,
        "0.3678": 17348.400184,
        "0.368": 300.0,
        "0.3682": 1.002432,
        "0.37": 503.712109,
        "0.3705": 1.0024,
        "0.3721": 1.722896,
        "0.3745": 1.825883,
        "0.3758": 1.002432,
        "0.376": 200.0,
        "0.378": 400.0,
        "0.3785": 1.0024,
        "0.38": 1.00205,
        "0.3808": 1.722896,
        "0.3825": 1.825883,
        "0.3835": 1.002432,
        "0.3866": 186.652576,
        "0.3897": 1.722896,
        "0.39": 249.150741,
        "0.3906": 1.825883,
        "0.3912": 1.002432,
        "0.3946": 1.0024,
        "0.3989": 4.551211,
        "0.399": 1.000084,
        "0.4": 841.880317,
        "0.402": 1.312846,
        "0.4026": 1.0024,
        "0.404": 1.312846,
        "0.406": 1.312846,
        "0.4066": 2.434309,
        "0.4074": 1.825883,
        "0.408": 1.312846,
        "0.4082": 1.722896,
        "0.41": 5.024955,
        "0.4107": 192.394333,
        "0.412": 1.312846,
        "0.4133": 1.431877,
        "0.414": 1.312846,
        "0.4142": 1.002432,
        "0.416": 1.312846,
        "0.4161": 1.825883,
        "0.4178": 1.722896,
        "0.418": 1.312846,
        "0.4187": 1.0024,
        "0.4199": 1.431877,
        "0.42": 2.314896,
        "0.4219": 1.002432,
        "0.422": 1.312846,
        "0.424": 1.312846,
        "0.425": 1.825883,
        "0.426": 1.312846,
        "0.4266": 1.431877,
        "0.4267": 1.0024,
        "0.4276": 1.722896,
        "0.428": 1.312846,
        "0.4296": 1.002432,
        "0.43": 5.024955,
        "0.432": 1.312846,
        "0.4333": 1.431877,
        "0.434": 3.138729,
        "0.4348": 1.0024,
        "0.436": 1.312846,
        "0.4373": 1.002432,
        "0.4376": 1.722896,
        "0.4378": 19.663316,
        "0.438": 102.551763,
        "0.4383": 45.6262,
        "0.4385": 45.6054,
        "0.4392": 91.0652,
        "0.4396": 1.29722,
        "0.4399": 1.431877,
        "0.44": 2.314896,
        "0.4405": 164.2932,
        "0.4418": 147.31801,
        "0.442": 1.312846,
        "0.4428": 1.0024,
        "0.4432": 137.054505,
        "0.444": 1.312846,
        "0.4444": 141.620864,
        "0.4449": 1.002432,
        "0.445": 1323.030347,
        "0.4455": 134.978076,
        "0.446": 1.312846,
        "0.4461": 139.99441,
        "0.4466": 1.431877,
        "0.4469": 148.60403,
        "0.4479": 1.722896,
        "0.448": 1.312846,
        "0.4492": 1177.563233,
        "0.4499": 162.077558,
        "0.45": 2.314896,
        "0.4508": 1.0024,
        "0.451": 41.0,
        "0.4511": 4.1,
        "0.452": 42.312846,
        "0.4522": 1279.790174,
        "0.4526": 2.828315,
        "0.4533": 1.431877,
        "0.4539": 1990.0,
        "0.454": 42.312846,
        "0.455": 46.0,
        "0.4554": 1176.258822,
        "0.4555": 1.5,
        "0.4557": 1.5,
        "0.4559": 1.5,
        "0.456": 24.312846,
        "0.4561": 1.5,
        "0.4563": 1.5,
        "0.4564": 309.610589,
        "0.4565": 1.5,
        "0.4567": 1.5,
        "0.4569": 1.5,
        "0.4571": 1.5,
        "0.4573": 1.5,
        "0.4575": 1.5,
        "0.4577": 1.5,
        "0.4579": 1.5,
        "0.458": 1.312846,
        "0.4581": 1.5,
        "0.4583": 1.5,
        "0.4585": 1269.700101,
        "0.4587": 6530.921088,
        "0.4589": 1.5,
        "0.459": 3808.828968,
        "0.4591": 1.5,
        "0.4592": 3266.55,
        "0.4593": 1.5,
        "0.4594": 1088.236848,
        "0.4595": 1.5,
        "0.4597": 1.5,
        "0.4599": 1.5,
        "0.46": 1.312846,
        "0.4601": 1.5,
        "0.4603": 1.5,
        "0.4605": 1.5,
        "0.4606": 99.0,
        "0.4607": 100.5,
        "0.4608": 3689.445862,
        "0.4609": 102.0,
        "0.461": 100.5,
        "0.4611": 111.748305,
        "0.4612": 100.5,
        "0.4613": 102.0,
        "0.4614": 5053.480689,
        "0.4615": 102.0,
        "0.4616": 100.5,
        "0.4617": 102.0,
        "0.4618": 100.5,
        "0.4619": 102.0,
        "0.462": 100.5,
        "0.4621": 3502.243948,
        "0.4622": 1683.441801,
        "0.4623": 1497.476627,
        "0.4624": 1826.022011,
        "0.4625": 2000.351441,
        "0.4626": 880.745319,
        "0.4627": 102.0,
        "0.4628": 100.5,
        "0.4629": 99.0
    },
    "asks": {
        "0.4634": 99.0,
        "0.4635": 122.5,
        "0.4636": 102.0,
        "0.4637": 750.515205,
        "0.4638": 1601.446929,
        "0.4639": 725.140871,
        "0.464": 656.052871,
        "0.4641": 2442.475159,
        "0.4642": 329.901437,
        "0.4643": 143.790043,
        "0.4644": 102.0,
        "0.4645": 4137.407796,
        "0.4646": 340.422288,
        "0.4647": 718.89622,
        "0.4648": 100.5,
        "0.4649": 99.0,
        "0.465": 526.323624,
        "0.4652": 1.5,
        "0.4654": 1.5,
        "0.4655": 399.956808,
        "0.4656": 1.5,
        "0.4658": 100.5,
        "0.466": 101.811795,
        "0.4661": 2244.46,
        "0.4662": 1.5,
        "0.4664": 1.5,
        "0.4666": 822.667145,
        "0.4668": 1.5,