{
    "bids": {
        "0.001": 1974.179627,
        "0.002": 472.0,
        "0.068": 1.179627,
        "0.136": 1.179627,
        "0.204": 1.179627,
        "0.272": 1.179627,
        "0.34": 1.179627,
        "0.408": 1.179627,
        "0.476": 18.679627,
        "0.544": 1.179627,
        "0.575": 14.486956,
        "0.612": 1.179627,
        "0.68": 1.179627,
        "0.748": 1.179627,
        "0.758": 10.989445,
        "0.816": 1.179627,
        "0.884": 1.179627,
        "0.952": 1.179627,
        "0.975": 1.0,
        "1.02": 1.179627,
        "1.104": 554.019545,
        "1.114": 567.248175,
        "1.122": 581.155196,
        "1.125": 573.466762,
        "1.128": 1664.772201,
        "1.131": 10.167993,
        "1.132": 13426.085236,
        "1.133": 10.150045,
        "1.134": 3354.383973,
        "1.135": 3485.869881,
        "1.136": 4338.800698,
        "1.137": 5147.64191,
        "1.138": 5537.398951,
        "1.139": 10.096576,
        "1.14": 1010.08772,
        "1.141": 98.01
    },
    "asks": {
        "1.142": 10.070053,
        "1.143": 10.061243,
        "1.144": 10.052448,
        "1.145": 1010.043669,
        "1.146": 10.034905,
        "1.147": 10.026156,
        "1.148": 5562.680184,
        "1.149": 917.880783,
        "1.15": 532.245436,
        "1.151": 532.236748,
        "1.153": 804.17129,
        "1.154": 10000.0,
        "1.156": 1.179627,
        "1.224": 1.179627,
        "1.292": 1.179627,
        "1.32": 37.848483,
        "1.36": 1.179627,
        "1.428": 1.179627,
        "1.496": 1.179627,
        "1.564": 1.179627,
        "1.632": 1.179627,
        "1.7": 1.179627,
        "1.768": 1.179627,
        "1.8": 24.570591,
        "1.836": 1.179627,
        "1.904": 1.179627,
        "1.95": 21.147459,
        "1.972": 1.179627,
        "2.0": 67.974238,
        "2.04": 1.179627,
        "2.1": 19.539154,
        "2.108": 1.179627,
        "2.176": 1.179627,
        "2.2": 250.0,
        "2.244": 1.179627,
        "2.312": 1.179627,
        "2.38": 1.179627,
        "2.76": 2.0,
        "2.844": 2.606993,
        "2.9": 25.0,
        "2.95": 338.98305,
        "3.05": 20.61,
        "3.338": 20.35,
        "3.5": 1.0,
        "3.77": 1.0,
        "4.0": 1.0,
        "4.539": 20.35,
        "5.214": 2.9976,
        "6.89": 20.0,
        "9.9": 312.0625,
        "11.0": 20.0,
        "15.33": 20.0,
        "18.0": 26.302631,
        "19.57": 20.0,
        "40.975": 1.220256,
        "66.545": 1.127056,
        "80.0": 26.302631
    },
    "ts": "1739217550800"
}