{
    "bids": {
        "1e-06": 987654.3,
        "2e-05": 200863.164582,
        "0.000104": 9645.374615,
        "0.002718": 4047.093451,
        "0.0029": 15625.0,
        "0.0034": 13888.888888,
        "0.003923": 152632.917832,
        "0.003927": 152632.917832,
        "0.003931": 152632.917832,
        "0.003935": 104193.1385
    },
    "asks": {
        "0.003964": 151362.260343,
        "0.003965": 151324.08575,
        "0.003966": 151285.930408,
        "0.003968": 151362.260343,
        "0.003969": 151324.08575,
        "0.00397": 151285.930408,
        "0.003972": 151362.260343,
        "0.003973": 151324.08575,
        "0.003974": 151285.930408,
        "0.00686": 2403.616151,
        "0.006935": 2440.034577,
        "0.006968": 2440.034578,
        "0.00702": 11255.068834,
        "0.0083": 3012.048192,
        "0.014": 10743.146,
        "0.01504": 69021.413768,
        "0.02": 146384.184114,
        "0.021": 1454.776528,
        "0.03": 28830.209258,
        "0.031": 1514.155163,
        "0.042": 10000.0,
        "0.046": 2590.0,
        "0.054": 2590.0,
        "0.0617": 2590.0,
        "0.069": 2590.0,
        "0.07": 78129.150638,
        "0.077": 2586.0,
        "0.093851": 150000.0,
        "0.1": 464303.488104,
        "0.12": 45507.377922,
        "0.13": 14571.870779,
        "0.135": 48442.432394,
        "0.14": 14571.87078,
        "0.15": 25729.118569,
        "0.163851": 150000.0,
        "1.0": 1000000.0
    },
    "ts": "1739194168502"
}