{
    "bids": {
        "1e-05": 100496.0,
        "0.0186": 115.069501,
        "0.02": 1250.0,
        "0.0286": 115.069501,
        "0.03767": 19606.492941,
        "0.03795": 20516.176252,
        "0.03811": 20073.410039,
        "0.03839": 59809.665083,
        "0.0384": 19916.429291,
        "0.03848": 15560.165975,
        "0.03849": 59809.665083,
        "0.0385": 122384.606425,
        "0.03851": 15548.069448,
        "0.03852": 15560.165975,
        "0.03853": 15544.04145,
        "0.03855": 15548.069448,
        "0.03856": 15560.165975,
        "0.03857": 15540.01554,
        "0.03859": 121044.232344,
        "0.0386": 81549.486143,
        "0.03861": 121643.979305,
        "0.03864": 121643.979305,
        "0.03867": 80370.117957,
        "0.03868": 80370.117957,
        "0.03869": 121643.979305,
        "0.03871": 80398.293989,
        "0.03872": 80370.117957,
        "0.03873": 80398.293989,
        "0.03876": 40786.818513,
        "0.03878": 50553.756612,
        "0.0388": 40786.818513
    },
    "asks": {
        "0.03915": 15325.670498,
        "0.03917": 15317.845289,
        "0.03918": 15313.935681,
        "0.03919": 15325.670498,
        "0.03921": 15317.845289,
        "0.03922": 15313.935681,
        "0.03923": 15325.670498,
        "0.03924": 15317.845289,
        "0.03926": 15313.935681,
        "0.03944": 256.205071,
        "0.0486": 114.977445,
        "0.0586": 114.977445,
        "0.0686": 114.954431,
        "0.0786": 114.954431,
        "0.1": 520.605633,
        "0.3": 520.605634
    },
    "ts": "1739194168502"
}