{
    "bids": {
        "1e-06": 759640.13,
        "5e-06": 20000000.0,
        "0.001961": 254971.953085,
        "0.00212": 101.805282,
        "0.00216": 103.489221,
        "0.0022": 0.1079,
        "0.00224": 106.736817,
        "0.00228": 104.935277,
        "0.00232": 106.478765,
        "0.002333": 428449.014566,
        "0.002334": 428265.524624,
        "0.002335": 214132.762312,
        "0.002336": 427899.015832,
        "0.002337": 256300.726185,
        "0.002338": 256081.946222,
        "0.002339": 256300.726185,
        "0.002341": 256300.726185,
        "0.002343": 256081.946222,
        "0.002344": 174914.675767,
        "0.00236": 103.170548,
        "0.0024": 0.110792
    },
    "asks": {
        "0.002401": 249905.872952,
        "0.002403": 249905.872952,
        "0.002405": 249905.872952,
        "0.002471": 202441.296275,
        "0.002472": 202359.369405,
        "0.00248": 104.496099,
        "0.00252": 101.450384,
        "0.00256": 101.424824,
        "0.0026": 101.379766,
        "0.00272": 103.693692,
        "0.00276": 102.633711,
        "0.0028": 108.201489,
        "0.00284": 109.208395,
        "0.00288": 111.769661,
        "0.00292": 127.717862,
        "0.00296": 125.721006,
        "0.003": 119.474816,
        "0.00304": 117.250161,
        "0.00308": 112.155276,
        "0.00312": 112.195001,
        "0.00316": 116.121925,
        "0.0032": 112.778879,
        "0.00324": 113.03418,
        "0.00328": 118.64879,
        "0.00332": 118.367752,
        "0.00336": 112.106667,
        "0.0034": 115.860338,
        "0.00344": 107.360838,
        "0.00348": 115.202923,
        "0.00352": 117.000498,
        "0.00356": 108.094071,
        "0.0036": 107.07604,
        "0.00364": 113.133629,
        "0.00368": 132.286201,
        "0.00372": 134.135796,
        "0.00376": 135.531235,
        "0.0038": 133.386726,
        "0.00384": 137.160512,
        "0.00388": 143.866539,
        "0.00392": 131.095796,
        "0.00396": 136.24738,
        "0.004": 120.524694,
        "0.00405": 121.336154,
        "0.0041": 118.679718,
        "0.00415": 126.833422,
        "0.0042": 124.241919,
        "0.00425": 113.77281,
        "0.0043": 115.103651,
        "0.00435": 114.380637,
        "0.0044": 125.312986,
        "0.00442": 4577.266137,
        "0.00445": 121.682654,
        "0.0045": 117.796749,
        "0.00455": 110.10922,
        "0.0046": 113.756497,
        "0.00465": 112.697048,
        "0.0047": 107.525384,
        "0.00475": 108.988607,
        "0.0048": 108.69531,
        "0.00485": 108.183522,
        "0.0049": 152.690426,
        "0.00495": 151.38532,
        "0.005": 159.631431,
        "0.0051": 158.504018,
        "0.005198": 191.678871,
        "0.0053": 176.195402,
        "0.0054": 169.205229,
        "0.005499": 178.295597,
        "0.0056": 151.066751,
        "0.0057": 152.008035,
        "0.005799": 130.712373,
        "0.0059": 132.784647,
        "0.006": 3233.829888,
        "0.0061": 148.059702,
        "0.006199": 163.562773,
        "0.0063": 148.692685,
        "0.0064": 129.438946,
        "0.0065": 114.713959,
        "0.0066": 121.740224,
        "0.0067": 141.491929,
        "0.0068": 137.992681,
        "0.0069": 127.268319,
        "0.007": 117.638852,
        "0.0071": 117.40162,
        "0.0072": 114.884074,
        "0.0073": 116.637061,
        "0.0074": 115.74,
        "0.0075": 111.21,
        "0.0076": 115.0,
        "0.0077": 112.0,
        "0.0078": 110.0,
        "0.0079": 110.0,
        "0.008": 110.0,
        "0.0081": 110.0,
        "0.0082": 110.0,
        "0.0083": 110.0,
        "0.0084": 110.0,
        "0.0085": 110.0,
        "0.0086": 110.0,
        "0.0087": 110.0,
        "0.0088": 110.0,
        "0.0089": 110.0,
        "0.009": 110.0,
        "0.0091": 120.0,
        "0.0092": 120.0,
        "0.0093": 120.0,
        "0.0094": 120.0,
        "0.0095": 120.0,
        "0.0096": 120.0,
        "0.0097": 120.0,
        "0.0098": 120.0,
        "0.0099": 120.0,
        "0.01": 120.0,
        "0.0102": 100.0,
        "0.0104": 100.0,
        "0.0106": 100.0,
        "0.0108": 100.0,
        "0.011": 100.0,
        "0.0112": 100.0,
        "0.0114": 100.0,
        "0.0116": 100.0,
        "0.0118": 100.0,
        "0.012": 100.0,
        "0.0122": 100.0,
        "0.0124": 100.0,
        "0.0126": 100.0,
        "0.0128": 100.0,
        "0.013": 100.0,
        "0.0132": 100.0,
        "0.0134": 100.0,
        "0.0136": 100.0,
        "0.0138": 100.0,
        "0.014": 100.0,
        "0.0142": 100.0,
        "0.0144": 100.0,
        "0.0146": 100.0,
        "0.0148": 100.0,
        "0.015": 100.0,
        "0.0152": 100.0,
        "0.0154": 100.0,
        "0.0156": 100.0,
        "0.0158": 100.0,
        "0.016": 100.0,
        "0.0162": 100.0,
        "0.0164": 100.0,
        "0.0166": 100.0,
        "0.0168": 100.0,
        "0.017": 100.0,
        "0.0172": 100.0,
        "0.0174": 100.0,
        "0.0176": 100.0,
        "0.0178": 100.0,
        "0.018": 100.0,
        "0.0182": 100.0,
        "0.0184": 100.0,
        "0.0186": 100.0,
        "0.0188": 100.0,
        "0.019": 100.0,
        "0.0192": 100.0,
        "0.0194": 100.0,
        "0.0196": 100.0,
        "0.0198": 100.0,
        "0.02": 100.0,
        "0.0204": 100.0,
        "0.0208": 100.0,
        "0.0212": 100.0,
        "0.0216": 100.0,
        "0.022": 100.0,
        "0.0224": 100.0,
        "0.0228": 100.0,
        "0.0232": 100.0,
        "0.0236": 100.0,
        "0.024": 100.0,
        "0.0244": 100.0,
        "0.0248": 100.0,
        "0.0252": 100.0,
        "0.0256": 100.0,
        "0.026": 100.0,
        "0.0264": 100.0,
        "0.0268": 100.0,
        "0.0272": 100.0,
        "0.0276": 100.0,
        "0.028": 100.0,
        "0.0284": 100.0,
        "0.0288": 100.0,
        "0.0292": 100.0,
        "0.0296": 100.0,
        "0.03": 2035.802459,
        "0.036": 661910.0,
        "0.085": 20000.000062,
        "0.32802": 3189.481942,
        "0.52802": 3319.664879,
        "2.0": 1780.225456
    },
    "ts": "1739194168502"
}