{
    "bids": {
        "0.001": 100.0,
        "0.002": 769.53,
        "0.006": 500.0,
        "0.01": 1100.0,
        "0.01018": 2455.795677,
        "0.01063": 470.366887,
        "0.0124": 1000.0,
        "0.016": 8125.0,
        "0.01616": 4277.626894,
        "0.01618": 1000.0,
        "0.017": 10000.0,
        "0.01721": 500.0,
        "0.01728": 1446.759259,
        "0.0188": 10000.0,
        "0.019": 10350.0,
        "0.01924": 3638.253638,
        "0.0195": 2000.0,
        "0.02": 20500.0,
        "0.021": 3000.0,
        "0.022": 4727.272727,
        "0.02242": 8920.606601,
        "0.0228": 438.0,
        "0.02468": 1823.338735,
        "0.026": 20100.0,
        "0.02606": 2568.823543,
        "0.0261": 18300.0,
        "0.0281": 3020.0,
        "0.02913": 343.2527,
        "0.0293": 341.2611,
        "0.02935": 1022.0394,
        "0.02936": 340.5637,
        "0.02938": 340.3319,
        "0.02941": 679.9696,
        "0.02943": 339.7537,
        "0.02988": 3913.74676,
        "0.0299": 400.0,
        "0.03": 600.0,
        "0.0301": 4733.75126,
        "0.0302": 4485.0,
        "0.03022": 585.0,
        "0.03024": 4588.35012,
        "0.03025": 585.0,
        "0.03027": 1617690.955723,
        "0.03029": 585.0,
        "0.0303": 17800.0,
        "0.0304": 21025.0,
        "0.03041": 585.0,
        "0.03042": 64926.073571,
        "0.03043": 585.0,
        "0.03045": 4086.55324,
        "0.0305": 22446.23653,
        "0.03051": 585.0,
        "0.03053": 29600.0,
        "0.03055": 33011.680275,
        "0.03056": 585.0,
        "0.03059": 25285.92625,
        "0.0306": 7785.0,
        "0.03061": 9355.407687,
        "0.03062": 25082.71863,
        "0.03065": 13516.879082,
        "0.03066": 585.0,
        "0.03069": 16026.20096,
        "0.0307": 24744.30594,
        "0.03072": 107054.18005,
        "0.03073": 8769.3069,
        "0.03074": 14268.851756,
        "0.03075": 585.0,
        "0.03076": 4330.410196,
        "0.03077": 585.0
    },
    "asks": {
        "0.03082": 792.82973,
        "0.03083": 973.370898,
        "0.03084": 1332.127107,
        "0.03085": 3236.47677,
        "0.03086": 585.0,
        "0.03087": 762.022034,
        "0.03088": 4678.75351,
        "0.03089": 5375.57964,
        "0.0309": 2201.900528,
        "0.03092": 585.0,
        "0.03093": 324.044068,
        "0.03094": 909.044068,
        "0.03095": 162.022034,
        "0.03096": 10540.444707,
        "0.03097": 75000.0,
        "0.03099": 585.0,
        "0.031": 33670.109281,
        "0.03101": 585.0,
        "0.03102": 32368.962564,
        "0.03109": 585.0,
        "0.0311": 585.0,
        "0.03114": 294.992445,
        "0.03116": 585.0,
        "0.03117": 64905.090487,
        "0.03118": 585.0,
        "0.0312": 4485.0,
        "0.0313": 3885.0,
        "0.03131": 226983.887561,
        "0.03132": 585.0,
        "0.03138": 1619199.40999,
        "0.0314": 6600.0,
        "0.03198": 1625.976813,
        "0.03228": 309.7569,
        "0.03238": 308.8002,
        "0.03242": 308.4192,
        "0.03245": 308.1341,
        "0.03249": 615.5094,
        "0.0325": 615.3202,
        "0.03251": 307.5654,
        "0.03255": 307.1875,
        "0.0345": 17800.0,
        "0.03455": 1563.080134,
        "0.03464": 1559.180963,
        "0.03472": 1555.301197,
        "0.03579": 335.289186,
        "0.036": 482.90346,
        "0.03648": 1480.361171,
        "0.03688": 1464.322119,
        "0.037": 21892.605543,
        "0.043": 187.354692,
        "0.044": 1156.148023,
        "0.045": 444.373021,
        "0.047": 7469.725622,
        "0.048": 100.0,
        "0.04805": 1090.846428,
        "0.04823": 1085.400483,
        "0.04838": 1082.112102,
        "0.0485": 1076.489418,
        "0.04864": 1073.254636,
        "0.0488": 1065.671436,
        "0.05": 770.923948,
        "0.051": 866.338677,
        "0.05149": 825.45,
        "0.052": 4370.632015,
        "0.05252": 267.584,
        "0.0532": 3904.651529,
        "0.054": 100.0,
        "0.0546": 1901.163683,
        "0.055": 35194.848601,
        "0.05579": 2528.202202,
        "0.05657": 400.739465,
        "0.05699": 272.410032,
        "0.057": 100.0,
        "0.0586": 1771.332124,
        "0.06": 1970.566205,
        "0.0602": 9252.390497,
        "0.06071": 1390.096691,
        "0.0616": 210.457067,
        "0.06288": 200.0,
        "0.0629": 1650.366836,
        "0.063": 100.0,
        "0.0632": 109.433011,
        "0.0635": 196080.930688,
        "0.06418": 2586.112549,
        "0.0644": 21536.717566,
        "0.06472": 234.193825,
        "0.0648": 109.433011,
        "0.066": 100.0,
        "0.0664": 107.058592,
        "0.06751": 1537.662337,
        "0.068": 109.433011,
        "0.0696": 109.433011,
        "0.06994": 1484.230055,
        "0.07": 137810.069256,
        "0.0712": 267.896459,
        "0.07199": 8408.663857,
        "0.072": 20000.0,
        "0.07246": 1432.654493,
        "0.0728": 109.433011,
        "0.07307": 1446.587287,
        "0.0744": 109.433011,
        "0.075": 5409.829635,
        "0.07507": 1382.871133,
        "0.076": 30819.208102,
        "0.0763": 923.475045,
        "0.077": 821.869459,
        "0.0776": 109.433011,
        "0.07777": 1334.817696,
        "0.078": 10693.970886,
        "0.07877": 2736.900006,
        "0.0792": 109.433011,
        "0.08": 13333.835766,
        "0.08012": 958.402234,
        "0.08057": 1288.434069,
        "0.0808": 109.433011,
        "0.08149": 9007.479139,
        "0.082": 1481.88733,
        "0.0824": 109.433011,
        "0.083": 13916.434539,
        "0.08347": 1243.662229,
        "0.08352": 100.0,
        "0.084": 109.433011,
        "0.0844": 3120.338559,
        "0.085": 11000.0,
        "0.0856": 9614.652806,
        "0.086": 49673.145377,
        "0.08636": 364.025943,
        "0.08659": 1000.0,
        "0.08699": 1000.0,
        "0.0872": 109.411107,
        "0.08759": 1000.0,
        "0.08799": 1000.0,
        "0.088": 101.312696,
        "0.08822": 2333.017799,
        "0.08859": 1000.0,
        "0.0888": 109.411107,
        "0.0889": 39879.631238,
        "0.08899": 1000.0,
        "0.089": 1543.576809,
        "0.08938": 295.9,
        "0.08959": 1000.0,
        "0.08999": 1000.0,
        "0.09": 121885.903907,
        "0.0904": 109.411107,
        "0.09051": 1410.817681,
        "0.09059": 1000.0,
        "0.0906": 143.720327,
        "0.09099": 1000.0,
        "0.09159": 1000.0,
        "0.09199": 1000.0,
        "0.092": 1417.475291,
        "0.09259": 1000.0,
        "0.09299": 1000.0,
        "0.093": 805.807623,
        "0.09359": 1000.0,
        "0.0936": 109.411107,
        "0.09399": 1000.0,
        "0.09459": 1000.0,
        "0.09466": 102.003829,
        "0.09499": 1000.0,
        "0.095": 3747.0,
        "0.0952": 109.411107,
        "0.09555": 2153.806688,
        "0.09559": 1000.0,
        "0.09599": 1000.0,
        "0.09659": 1000.0,
        "0.0968": 109.411107,
        "0.09699": 1000.0,
        "0.0973": 205.549845,
        "0.09759": 1000.0,
        "0.09799": 1000.0,
        "0.0984": 109.411107,
        "0.09859": 1000.0,
        "0.09899": 1000.0,
        "0.099": 30.30303,
        "0.09959": 1000.0,
        "0.09984": 100.0,
        "0.09985": 1444.8154,
        "0.0999": 10000.0,
        "0.09998": 1000.0,
        "0.09999": 539.251952,
        "0.1": 57550.712096,
        "0.10079": 2042.047472,
        "0.10089": 1000.0,
        "0.1012": 100.0,
        "0.10198": 1000.0,
        "0.1021": 100.0,
        "0.10244": 1426.958985,
        "0.10289": 1000.0,
        "0.10351": 1988.361706,
        "0.10398": 1000.0,
        "0.10498": 1000.0,
        "0.105": 7655.830043,
        "0.10598": 1000.0,
        "0.10631": 1936.087348,
        "0.10698": 1000.0,
        "0.10798": 1000.0,
        "0.10898": 1000.0,
        "0.10918": 1885.187291,
        "0.11": 10329.14008,
        "0.111": 65803.921253,
        "0.11189": 1000.0,
        "0.11212": 1835.625405,
        "0.11298": 1000.0,