{
    "bids": {
        "0.02001": 1958.02005,
        "0.03077": 19463.509763,
        "0.03078": 19457.198638,
        "0.03079": 19450.891604,
        "0.0308": 19463.509763,
        "0.03081": 19457.198638,
        "0.03082": 19450.891604,
        "0.03083": 19463.509763,
        "0.03084": 19457.198638,
        "0.03085": 19450.891604,
        "0.03092": 13260.025873
    },
    "asks": {
        "0.0313": 19171.246198,
        "0.03133": 19171.246198,
        "0.03136": 19171.246198,
        "0.06759": 1957.041039,
        "0.084": 803.038983,
        "0.086": 200.0,
        "0.115": 202.0,
        "0.12422": 1956.649435,
        "0.22831": 1956.649435,
        "0.295": 202.0,
        "0.41962": 1956.649435,
        "0.48": 10000.0,
        "0.5": 207.846104,
        "0.77123": 1956.649435,
        "1.41746": 1956.649435,
        "2.60516": 1956.649435,
        "4.78805": 1956.649435,
        "8.8": 1956.649435
    },
    "ts": "1739217550800"
}