{
    "bids": {
        "6.13": 1.0,
        "125.0": 0.002201,
        "129.85": 0.002201,
        "134.9": 0.002201,
        "140.15": 0.002201,
        "145.59": 0.002201,
        "151.25": 0.002201,
        "157.13": 0.002201,
        "163.24": 0.002201,
        "169.59": 0.002201,
        "176.18": 0.002201,
        "183.03": 0.002201,
        "190.14": 0.002201,
        "197.53": 0.002201,
        "198.26": 29.792939,
        "198.85": 29.78998,
        "199.1": 0.0015,
        "199.2": 0.0015,
        "199.3": 0.0015,
        "199.4": 0.0015,
        "199.5": 0.0015,
        "199.6": 0.0015,
        "199.7": 0.0015,
        "199.8": 0.0015,
        "199.85": 29.645733,
        "199.9": 0.0015,
        "200.0": 0.0015,
        "200.1": 0.0015,
        "200.2": 0.0015,
        "200.3": 0.0015,
        "200.31": 31.745804,
        "200.4": 0.0015,
        "200.49": 29.831452,
        "200.5": 0.0015,
        "200.54": 31.793578,
        "200.6": 0.0015,
        "200.66": 4.97265,
        "200.68": 49.728976,
        "200.7": 0.0015,
        "200.8": 0.0015,
        "200.81": 29.70289,
        "200.85": 37.304152,
        "200.89": 4.972403,
        "200.9": 0.0015,
        "200.96": 29.792939,
        "201.0": 0.0015,
        "201.06": 31.391203,
        "201.07": 8.039312,
        "201.09": 0.0015,
        "201.1": 0.0015,
        "201.11": 4.973903,
        "201.12": 25.882068,
        "201.13": 5.392288,
        "201.14": 2.235438,
        "201.15": 0.0015,
        "201.17": 0.0015,
        "201.19": 0.0015,
        "201.2": 11.9195,
        "201.21": 3.57735,
        "201.23": 0.0015,
        "201.24": 5.616,
        "201.25": 1.1928,
        "201.26": 1.645,
        "201.27": 0.0015,
        "201.28": 0.202271,
        "201.29": 0.0015,
        "201.3": 7.451265
    },
    "asks": {
        "201.34": 1.645,
        "201.35": 1.645,
        "201.36": 0.7955,
        "201.37": 7.449323,
        "201.38": 2.236027,
        "201.39": 8.640174,
        "201.4": 3.9725,
        "201.41": 3.405655,
        "201.42": 11.9185,
        "201.43": 23.392583,
        "201.44": 0.0015,
        "201.45": 23.421562,
        "201.46": 0.0015,
        "201.48": 0.0015,
        "201.5": 0.0015,
        "201.52": 0.0015,
        "201.54": 0.0015,
        "201.55": 0.0015,
        "201.56": 0.0015,
        "201.58": 1.489669,
        "201.59": 4.960563,
        "201.6": 4.718409,
        "201.61": 24.010835,
        "201.62": 24.800627,
        "201.64": 0.0015,
        "201.65": 0.0015,
        "201.66": 0.0015,
        "201.68": 0.0015,
        "201.7": 0.0015,
        "201.72": 0.0015,
        "201.75": 0.0015,
        "201.8": 37.20238,
        "201.81": 4.960563,
        "201.85": 29.801837,
        "201.95": 0.0015,
        "202.01": 49.600714,
        "202.03": 4.960563,
        "202.05": 0.0015,
        "202.08": 29.02268,
        "202.15": 0.0015,
        "202.25": 0.0015,
        "202.34": 28.355813,
        "202.35": 0.0015,
        "202.45": 0.0015,
        "202.54": 29.788501,
        "202.55": 0.0015,
        "202.65": 0.0015,
        "202.75": 0.0015,
        "202.85": 0.0015,
        "202.95": 0.0015,
        "203.05": 0.0015,
        "203.09": 29.798857,
        "203.15": 0.0015,
        "203.25": 0.0015,
        "203.35": 0.0015,
        "203.45": 0.0015,
        "203.55": 0.0015,
        "203.64": 29.801817,
        "203.65": 0.0015,
        "203.75": 0.0015,
        "203.85": 0.0015,
        "203.95": 0.0015,
        "204.05": 0.0015,
        "204.15": 0.0015,
        "204.23": 29.729461,
        "204.25": 0.0015,
        "204.35": 0.0015,
        "204.45": 0.0015,
        "204.55": 0.0015,
        "204.65": 0.0015,
        "204.75": 0.0015,
        "204.85": 0.0015,
        "204.95": 0.0015,
        "205.05": 0.0015,
        "205.15": 0.0015,
        "213.19": 0.002199,
        "221.47": 0.002199,
        "230.08": 0.002199,
        "239.03": 0.002199,
        "248.32": 0.002199,
        "257.97": 0.002199,
        "259.0": 46.9718,
        "268.0": 0.002199,
        "278.41": 0.002201,
        "289.24": 0.002201,
        "300.48": 0.002201,
        "312.16": 0.002201,
        "319.37": 1.04634,
        "324.29": 0.002201,
        "336.9": 0.002201,
        "340.0": 14.085903,
        "350.0": 0.002201
    },
    "ts": "1739217543900"
}