{
    "bids": {
        "733.0": 14.972643,
        "733.12": 11.8631753,
        "733.85": 8.7412871,
        "734.59": 5.6193988,
        "735.22": 14.9122596,
        "735.33": 2.4975106,
        "735.41": 14.2582131,
        "735.6": 13.6041666,
        "735.77": 14.9108472,
        "735.79": 12.9501201,
        "735.98": 12.2960737,
        "736.17": 11.6420272,
        "736.81": 9.6798878,
        "736.86": 10.9848586,
        "736.99": 9.0258413,
        "737.18": 8.3717948,
        "737.56": 7.0637019,
        "737.64": 7.7170174,
        "737.75": 6.4096554,
        "737.97": 5.7556089,
        "738.07": 14.9173062,
        "738.13": 5.1015624,
        "738.23": 14.9140758,
        "738.37": 13.8020819,
        "738.52": 5.5939898,
        "738.54": 3.7934695,
        "738.75": 2.4859485,
        "738.77": 3.1392956,
        "738.92": 2.4853766
    },
    "asks": {
        "739.99": 4.9635656,
        "740.08": 5.5844642,
        "740.18": 3.1348835,
        "740.19": 8.6874137,
        "740.37": 3.7881891,
        "740.45": 11.7883091,
        "740.46": 4.441265,
        "740.7": 5.7480632,
        "740.74": 5.093635,
        "740.78": 14.8868748,
        "741.02": 6.4000413,
        "741.33": 7.0516775,
        "741.34": 7.7061722,
        "741.73": 8.3567531,
        "741.82": 9.0104768,
        "741.83": 9.6653686,
        "741.85": 10.3203862,
        "742.46": 10.9670532,
        "742.55": 11.6211098,
        "742.56": 12.276303,
        "742.65": 12.9306958,
        "742.74": 13.5850459,
        "743.03": 14.8925082,
        "743.46": 14.8801974,
        "743.62": 2.4696679,
        "744.37": 5.5567527,
        "744.95": 8.6455817,
        "745.7": 11.7332894,
        "746.33": 14.8231902,
        "888.0": 2.7993289,
        "1078.0": 0.513119
    },
    "ts": "1739217536400"
}