{
    "bids": {
        "0.04": 72.62935,
        "7.5": 26.666666,
        "13.0": 7.692307,
        "30.0": 0.059627,
        "32.13": 0.075314,
        "34.29": 12.138155,
        "34.34": 38.18892,
        "34.36": 12.72964,
        "34.38": 14.543339,
        "34.43": 70.655048,
        "34.44": 11.904761
    },
    "asks": {
        "34.69": 14.413375,
        "34.72": 12.72964,
        "34.73": 31.672905,
        "34.74": 38.370078,
        "53.33": 0.059567,
        "64.99": 0.059567,
        "76.66": 0.059567,
        "79.0": 0.486359,
        "85.0": 9.991993,
        "88.33": 0.059567,
        "93.11": 4.51012,
        "95.0": 1.002364,
        "99.0": 0.297531,
        "100.0": 0.059567,
        "138.0": 0.096848,
        "150.0": 1.0,
        "250.0": 1.0,
        "500.0": 0.50759,
        "800.0": 38.409114
    },
    "ts": "1739194158902"
}