{
    "bids": {
        "2e-05": 49735.0,
        "0.02644": 104.0091,
        "0.05061": 40.0,
        "0.05094": 40.0,
        "0.05127": 40.0,
        "0.0516": 40.0,
        "0.05194": 40.0,
        "0.05227": 40.0,
        "0.0526": 40.0,
        "0.05294": 40.0,
        "0.05327": 40.0,
        "0.0536": 40.0,
        "0.05394": 40.0,
        "0.05427": 40.0,
        "0.0546": 40.0,
        "0.05494": 40.0,
        "0.05527": 40.0,
        "0.0556": 40.0,
        "0.05593": 40.0,
        "0.05627": 40.0,
        "0.0566": 40.0,
        "0.05681": 48.407,
        "0.05693": 40.0,
        "0.05727": 40.0,
        "0.0576": 40.0,
        "0.05793": 40.0,
        "0.05827": 40.0,
        "0.0586": 40.0,
        "0.05893": 40.0,
        "0.05927": 40.0,
        "0.0596": 40.0,
        "0.05993": 40.0,
        "0.06026": 40.0,
        "0.0606": 40.0,
        "0.06093": 40.0,
        "0.06126": 40.0,
        "0.0616": 40.0,
        "0.06193": 40.0,
        "0.06226": 40.0,
        "0.0626": 40.0,
        "0.06293": 40.0,
        "0.06326": 40.0,
        "0.0636": 40.0,
        "0.06393": 40.0,
        "0.06426": 40.0,
        "0.0646": 40.0,
        "0.06493": 40.0,
        "0.06526": 40.0,
        "0.06559": 40.0,
        "0.06626": 40.0,
        "0.06659": 40.0,
        "0.06693": 40.0,
        "0.06726": 40.0,
        "0.06759": 40.0,
        "0.06793": 40.0,
        "0.06826": 40.0,
        "0.06859": 40.0,
        "0.06893": 40.0,
        "0.06926": 40.0,
        "0.06959": 40.0,
        "0.06992": 40.0,
        "0.07026": 40.0,
        "0.07059": 40.0,
        "0.07092": 40.0,
        "0.07126": 40.0,
        "0.07159": 40.0,
        "0.07192": 40.0,
        "0.07226": 40.0,
        "0.07259": 40.0,
        "0.07292": 40.0,
        "0.07326": 40.0,
        "0.07359": 40.0,
        "0.07392": 40.0,
        "0.07426": 40.0,
        "0.07459": 40.0,
        "0.07492": 40.0,
        "0.07525": 40.0,
        "0.07559": 40.0,
        "0.07592": 40.0,
        "0.07625": 40.0,
        "0.07659": 40.0,
        "0.07692": 40.0,
        "0.07725": 40.0,
        "0.07759": 40.0,
        "0.07792": 40.0,
        "0.07825": 40.0,
        "0.07859": 40.0,
        "0.07892": 40.0,
        "0.07925": 40.0,
        "0.07958": 40.0,
        "0.07992": 40.0,
        "0.08025": 40.0,
        "0.08058": 40.0,
        "0.08092": 40.0,
        "0.08125": 40.0,
        "0.08158": 40.0,
        "0.08192": 40.0,
        "0.08225": 40.0,
        "0.08258": 40.0,
        "0.08292": 40.0,
        "0.08325": 40.0,
        "0.08358": 40.0,
        "0.08442": 32.5752,
        "0.1": 12.448,
        "0.10457": 12.448,
        "0.10935": 12.448,
        "0.10952": 25.1096,
        "0.11435": 12.448,
        "0.11608": 86.1474,
        "0.11958": 12.448,
        "0.12504": 12.448,
        "0.13076": 12.448,
        "0.13194": 233.6577,
        "0.13234": 20.7798,
        "0.13674": 12.448,
        "0.13888": 233.656,
        "0.14077": 233.6916,
        "0.14299": 12.448,
        "0.14327": 41.8789,
        "0.14478": 233.6931,
        "0.14532": 233.6917,
        "0.14565": 233.6829,
        "0.149": 2685.0,
        "0.14953": 12.448,
        "0.15308": 17.9645,
        "0.15637": 12.448,
        "0.15819": 31.6075,
        "0.16352": 12.448,
        "0.165": 60.606,
        "0.16764": 234.1441,
        "0.16805": 234.1302,
        "0.16807": 234.1341,
        "0.17099": 12.448,
        "0.17194": 15.994,
        "0.172": 2325.0,
        "0.1729": 578.3689,
        "0.17401": 28.7339,
        "0.1755": 401.2885,
        "0.17881": 12.448,
        "0.186": 11.8439,
        "0.18699": 12.448,
        "0.18908": 14.5441,
        "0.18929": 11.8439,
        "0.19": 10.5,
        "0.19258": 11.8439,
        "0.19554": 12.448,
        "0.19588": 11.8439,
        "0.19836": 10.1444,
        "0.19917": 11.8439,
        "0.2": 198.4881,
        "0.20247": 11.8439,
        "0.20448": 12.448,
        "0.20478": 10.1444,
        "0.20576": 11.8439,
        "0.20613": 98.4881,
        "0.20707": 110.0982,
        "0.20813": 93.6304,
        "0.20905": 11.8439,
        "0.21": 10.0,
        "0.21121": 10.1444,
        "0.21226": 98.4881,
        "0.21235": 11.8439,
        "0.21383": 12.448,
        "0.215": 320.0,
        "0.21564": 11.8439,
        "0.21764": 10.1444,
        "0.21839": 98.4881,
        "0.21894": 11.8439,
        "0.22223": 11.8439,
        "0.2236": 12.448,
        "0.22406": 10.1444,
        "0.22453": 98.4881,
        "0.22494": 71.6191,
        "0.22539": 93.6454,
        "0.22552": 11.8439,
        "0.22882": 11.8439,
        "0.23049": 10.1444,
        "0.23066": 98.4881,
        "0.23211": 11.8439,
        "0.23541": 11.8439,
        "0.23679": 98.4881,
        "0.23684": 1606.6594,
        "0.23692": 10.1444,
        "0.23817": 1615.3228,
        "0.2387": 11.8439,
        "0.23898": 17760.0,
        "0.23951": 2387.5202,
        "0.24115": 2001.2128,
        "0.24125": 480.8297,
        "0.24153": 3446.0872,
        "0.24164": 2863.5794,
        "0.24175": 2687.557,
        "0.24189": 16279.6,
        "0.2419": 16280.1,
        "0.24197": 221.0071,
        "0.24198": 221.0071,
        "0.24199": 221.0071,
        "0.242": 221.0071,
        "0.24201": 221.0071,
        "0.24219": 221.0071,
        "0.24221": 221.0071,
        "0.24246": 8253.833,
        "0.24248": 8513.0311,
        "0.2425": 9797.3115,
        "0.24252": 9025.6544,
        "0.24254": 7878.3598,
        "0.24256": 8136.1692,
        "0.24258": 9068.2609,
        "0.24259": 8879.9,
        "0.2426": 8546.1117,
        "0.24262": 8186.429,
        "0.24283": 6784.1211,
        "0.24285": 5403.248,
        "0.24288": 2261.3737,
        "0.2429": 910.1,
        "0.24293": 10290.995,
        "0.24298": 10288.8897,
        "0.24303": 2466.6995,
        "0.24305": 120.0,
        "0.24306": 120.0,
        "0.24307": 4353.9565,
        "0.24308": 493.4561,
        "0.24314": 2056.3754,
        "0.24316": 2056.2561
    },
    "asks": {
        "0.24322": 2055.7955,
        "0.24325": 2055.5445,
        "0.24328": 4110.4955,
        "0.24332": 4109.8795,
        "0.24341": 10270.8422,
        "0.2436": 2261.2807,
        "0.24361": 908.6,
        "0.24365": 6783.8421,
        "0.24373": 2466.9023,
        "0.24382": 7978.3869,
        "0.24384": 8936.0222,
        "0.24386": 7988.7558,
        "0.24388": 7884.9042,
        "0.2439": 8696.9093,
        "0.24392": 8299.2838,
        "0.24394": 8191.7758,
        "0.24396": 8149.6358,
        "0.24398": 8689.8652,
        "0.24413": 8879.9,
        "0.24414": 8880.1,
        "0.24452": 233.4488,
        "0.24459": 221.0071,
        "0.2446": 221.0071,
        "0.24461": 221.0071,
        "0.24462": 221.0071,
        "0.24463": 221.0071,
        "0.24464": 221.0071,
        "0.24465": 221.0071,
        "0.24466": 221.0071,
        "0.24467": 221.0071,
        "0.24469": 221.0071,
        "0.24471": 221.0071,
        "0.24482": 16279.8,
        "0.24483": 16280.2,
        "0.24529": 11.8379,
        "0.24547": 995.1032,
        "0.24593": 2234.1213,
        "0.24755": 2245.7222,
        "0.24775": 17759.7,
        "0.24829": 95.5071,
        "0.24858": 11.8379,
        "0.24869": 267.9864,
        "0.24906": 98.4881,
        "0.24912": 2085.2909,
        "0.24977": 10.1393,
        "0.25": 7727.0804,
        "0.25025": 94.7573,
        "0.25044": 1433.2143,
        "0.25139": 10.9392,
        "0.25188": 11.8379,
        "0.25223": 94.0156,
        "0.25423": 93.2833,
        "0.25507": 385.187,
        "0.25517": 11.8379,
        "0.25519": 98.4881,
        "0.2557": 12.4417,
        "0.2562": 10.1393,
        "0.25625": 92.5496,
        "0.2576": 2000.0,
        "0.25827": 91.8237,
        "0.25847": 11.8379,
        "0.25911": 10.6133,
        "0.26032": 91.1019,
        "0.26133": 98.4881,
        "0.26176": 11.8379,
        "0.26182": 120.397,
        "0.26238": 90.3846,
        "0.2625": 38.0952,
        "0.26262": 10.1393,
        "0.26446": 89.6749,