{
    "bids": {
        "1e-06": 1075390.0,
        "0.0022": 45454.545454,
        "0.002336": 400.0,
        "0.002454": 244001.626677,
        "0.002455": 243902.439024,
        "0.002457": 244001.626677,
        "0.002458": 406669.377794,
        "0.002459": 447336.315572,
        "0.00246": 243902.439022,
        "0.002464": 1151444.463628
    },
    "asks": {
        "0.002481": 725383.168765,
        "0.002483": 1227216.825495,
        "0.002484": 402738.622632,
        "0.002485": 241448.692152,
        "0.002486": 241351.568785,
        "0.002487": 241448.692152,
        "0.002488": 241351.568785,
        "0.002489": 241254.523522,
        "0.00249": 241448.692152,
        "0.002491": 241351.568785,
        "0.002492": 241254.523522,
        "0.003371": 87939.574968,
        "0.005": 19700.0,
        "0.006": 200.0,
        "0.007": 167628.534395,
        "0.008": 105652.0,
        "0.00838": 18341.310001,
        "0.0087": 26440.332564,
        "0.009": 1631.379338,
        "0.01": 171297.631321,
        "0.012": 24871.287214,
        "0.015": 14201.720536,
        "0.02": 444.529026,
        "0.021966": 5000.0,
        "0.024999": 2316.031803,
        "0.03": 4197.0,
        "0.035": 180.0,
        "0.05": 303752.831942,
        "0.06": 1200.0,
        "0.06118": 1224.664922,
        "0.06315": 3750.0,
        "0.08": 1416431.504372,
        "0.09": 1200.0,
        "0.1": 149.183938,
        "0.12": 1226.082832,
        "0.1802": 200.0,
        "0.2": 27833.123732,
        "0.2802": 100.0,
        "0.4": 21990.149856,
        "0.5": 103.5608,
        "0.7": 833989.824915,
        "0.8": 9312.115017,
        "1.0": 25670.161962,
        "10.0": 10325.226542
    },
    "ts": "1739194168502"
}