{
    "bids": {
        "0.0001": 1000.0,
        "0.0012": 12345.0,
        "0.0014": 963.75,
        "0.005": 44.143963,
        "0.0058": 1678.0,
        "0.0107": 789.0,
        "0.0137": 44.143963,
        "0.0149": 67.114093,
        "0.0185": 678.0,
        "0.02": 50.0,
        "0.0224": 44.143963,
        "0.03": 10.241914,
        "0.0307": 10.241914,
        "0.0311": 44.143963,
        "0.0315": 10.241914,
        "0.0322": 10.241914,
        "0.033": 10.241914,
        "0.0333": 144.0,
        "0.0334": 252.0,
        "0.0335": 72.0,
        "0.0336": 144.0,
        "0.0337": 24.0,
        "0.0338": 10.241914,
        "0.0347": 10.241914,
        "0.0355": 10.241914,
        "0.0364": 10.241914,
        "0.0373": 10.241914,
        "0.0382": 10.241914,
        "0.0385": 234.0,
        "0.0392": 10.241914,
        "0.0399": 44.143963,
        "0.0402": 10.241914,
        "0.0412": 10.241914,
        "0.0422": 10.241914,
        "0.0432": 10.241914,
        "0.0443": 10.241914,
        "0.0454": 10.241914,
        "0.0465": 10.241914,
        "0.0476": 10.241914,
        "0.0486": 44.143963,
        "0.0488": 10.241914,
        "0.05": 34.93764,
        "0.0513": 10.241914,
        "0.0525": 10.241914,
        "0.053": 13.510044,
        "0.0538": 10.241914,
        "0.0552": 10.241914,
        "0.0561": 13.510044,
        "0.0565": 10.241914,
        "0.057": 11.185682,
        "0.0573": 44.143963,
        "0.0579": 10.241914,
        "0.0585": 169.0,
        "0.0594": 10.241914,
        "0.0595": 13.510044,
        "0.0602": 832.0,
        "0.0608": 10.241914,
        "0.061": 11.138815,
        "0.0623": 10.241914,
        "0.0631": 13.510044,
        "0.0639": 10.241914,
        "0.064": 11.185682,
        "0.0655": 10.241914,
        "0.066": 44.143963,
        "0.0666": 151342.667355,
        "0.0669": 13.510044,
        "0.067": 10.0,
        "0.0671": 10.241914,
        "0.068": 4557.625454,
        "0.0687": 10.241914,
        "0.0693": 1616.448984,
        "0.07": 2285.714285,
        "0.0704": 10.241914,
        "0.0707": 1616.448984,
        "0.0709": 13.510044,
        "0.071": 11.185682,
        "0.072": 1616.448984,
        "0.0722": 10.241914,
        "0.0725": 7289.609345,
        "0.0734": 1616.448984,
        "0.074": 10.241914,
        "0.0748": 1660.592947,
        "0.0752": 13.510044,
        "0.0758": 10.241914,
        "0.0761": 1616.448984,
        "0.0775": 1616.448984,
        "0.0777": 10.241914,
        "0.078": 22.576216,
        "0.0783": 500.684288,
        "0.0789": 1616.448984,
        "0.0796": 10.241914,
        "0.0797": 13.510044,
        "0.08": 1702.518948,
        "0.0802": 1616.448984,
        "0.081": 11.390534,
        "0.0815": 10.241914,
        "0.0816": 1616.448984,
        "0.082": 609.756097,
        "0.083": 1616.448984,
        "0.0835": 44.143963,
        "0.0836": 10.241914,
        "0.0838": 1646.778042,
        "0.084": 595.238095,
        "0.0842": 11.390534,
        "0.0843": 1616.448984,
        "0.0845": 13.510044,
        "0.085": 5893.538622,
        "0.0856": 10.241914,
        "0.0857": 1616.448984,
        "0.086": 581.395348,
        "0.0871": 1616.448984,
        "0.0873": 57.273768,
        "0.0875": 11.390534,
        "0.0877": 10.241914,
        "0.0878": 1571.753986,
        "0.088": 568.181818,
        "0.0881": 20.0,
        "0.0884": 1616.448984,
        "0.0888": 1569.690185,
        "0.0896": 13.510044,
        "0.0898": 1616.448984,
        "0.0899": 10.241914,
        "0.09": 143.388888,
        "0.0905": 5253.487737,
        "0.0909": 11.390534,
        "0.0912": 1616.448984,
        "0.0915": 1092.896174,
        "0.092": 11.185682,
        "0.0921": 10.241914,
        "0.0922": 44.143963,
        "0.0925": 2156.989524,
        "0.0939": 1616.448984,
        "0.0944": 10.241914,
        "0.0945": 11.390534,
        "0.095": 13.510044,
        "0.0953": 2455.903338,
        "0.0966": 1616.448984,
        "0.0967": 10.241914,
        "0.0968": 250.466361,
        "0.098": 1616.448984,
        "0.0982": 11.390534,
        "0.099": 11.185682,
        "0.0991": 10.241914,
        "0.0994": 1616.448984,
        "0.0998": 601.202404,
        "0.1": 4741.733406,
        "0.1002": 378.301074,
        "0.1005": 2985.074626,
        "0.1007": 1629.959028,
        "0.1009": 44.143963,
        "0.101": 2029.702969,
        "0.1013": 14.884274,
        "0.1016": 10.241914,
        "0.102": 991.78269,
        "0.1021": 1616.448984,
        "0.1027": 14.884274,
        "0.1033": 492.857901,
        "0.1035": 1616.448984,
        "0.1041": 10.241914,
        "0.1042": 14.884274,
        "0.1045": 363.636363,
        "0.1048": 1616.448984,
        "0.1053": 405.0,
        "0.1056": 14.884274,
        "0.1059": 448.0,
        "0.106": 22.576216,
        "0.1062": 1616.448984,
        "0.1067": 23.751958,
        "0.107": 2803.738317,
        "0.1071": 14.884274,
        "0.1076": 1616.448984,
        "0.1078": 316.764378,
        "0.1082": 224.0,
        "0.1085": 1858.202246,
        "0.1086": 11.970534,
        "0.1089": 1616.448984,
        "0.1092": 10.01,
        "0.1093": 10.241914,
        "0.1097": 44.143963,
        "0.1098": 224.0,
        "0.11": 1143.576364,
        "0.1101": 11.390534,
        "0.1102": 110.0,
        "0.1103": 1616.448984,
        "0.1104": 110.0,
        "0.1105": 224.0,
        "0.1109": 4e-06,
        "0.1116": 14.884274,
        "0.1117": 1616.448984,
        "0.112": 10.241914,
        "0.1123": 674.146636,
        "0.1126": 660.249399,
        "0.113": 1627.634666,
        "0.1131": 655.55599,
        "0.1132": 6698.201299,
        "0.114": 10.1,
        "0.1144": 1616.448984,
        "0.1145": 659.011013,
        "0.1147": 14.884274,
        "0.1148": 1476.38855,
        "0.1149": 1047.656801,
        "0.1157": 5150.682066,
        "0.1158": 2408.448984,
        "0.1159": 1745.180163,
        "0.1161": 237.0,
        "0.1163": 806.884274,
        "0.1164": 241.0,
        "0.1165": 3181.26239,
        "0.1166": 807.0,
        "0.1167": 270.0,
        "0.1168": 15.0,
        "0.1169": 15.0,
        "0.117": 807.0,
        "0.1171": 2423.448984,
        "0.1172": 5842.85273,
        "0.1173": 1481.146636,
        "0.1174": 717.952844,
        "0.1175": 807.0,
        "0.1176": 1361.218336,
        "0.1177": 397.976422,
        "0.1178": 2038.237203,
        "0.1179": 17774.853628,
        "0.118": 4735.865075,
        "0.1181": 5378.186373,
        "0.1182": 12946.482173,
        "0.1183": 5066.482173,
        "0.1184": 17724.352667,
        "0.1185": 10277.764707,
        "0.1186": 5066.482173,
        "0.1187": 13315.701583,
        "0.1188": 25115.359038,
        "0.1189": 17481.151073,
        "0.119": 23834.876161,
        "0.1191": 13626.639599,
        "0.1192": 17501.70303
    },
    "asks": {
        "0.1194": 8988.606153,
        "0.1195": 18178.16993,
        "0.1196": 16478.516229,
        "0.1197": 9606.326088,
        "0.1198": 8337.114723,
        "0.1199": 8435.069767,
        "0.12": 5066.482173,
        "0.1201": 5066.482173,
        "0.1202": 5056.482173,
        "0.1203": 5066.482173,
        "0.1204": 21681.648054,
        "0.1205": 8497.08109,
        "0.1206": 822.0,
        "0.1207": 17812.503207,
        "0.1208": 1143.707666,
        "0.1209": 1160.015602,
        "0.121": 822.0,
        "0.1211": 1204.531805,
        "0.1212": 5445.50124,
        "0.1213": 1431.163298,
        "0.1214": 1124.952844,
        "0.1215": 1167.724632,
        "0.1216": 807.0,
        "0.1217": 1234.952844,
        "0.1218": 15.0,
        "0.1219": 551.514504,
        "0.122": 22343.132091,
        "0.1221": 15.0,
        "0.1222": 15.0,
        "0.1223": 125.0,
        "0.1224": 688.944392,
        "0.1225": 897.0,
        "0.1226": 1630.964049,
        "0.1227": 2700.027982,
        "0.1228": 28.28636,
        "0.1235": 10.23372,
        "0.1236": 11.381421,
        "0.1239": 90.0,
        "0.124": 1615.802404,