{
    "bids": {
        "0.0001": 20000.0,
        "0.0005": 4000.0,
        "0.001": 2000.0,
        "0.15": 45244.356,
        "0.25": 800.0,
        "0.27": 740.741,
        "0.30298": 957.48,
        "0.30305": 957.258,
        "0.30312": 886.35,
        "0.30313": 956.996,
        "0.30319": 815.442,
        "0.3032": 956.775,
        "0.30324": 955.496,
        "0.30332": 673.626,
        "0.30338": 814.923,
        "0.30339": 602.718,
        "0.3034": 673.442,
        "0.30346": 531.809,
        "0.30347": 602.553,
        "0.30352": 390.084,
        "0.30355": 796.082,
        "0.30356": 954.511,
        "0.30359": 319.16,
        "0.3036": 460.79,
        "0.30361": 319.139,
        "0.30366": 389.899,
        "0.30372": 460.594,
        "0.30373": 319.009,
        "0.30376": 636.956,
        "0.30382": 389.694,
        "0.30389": 318.841,
        "0.30391": 477.843,
        "0.30394": 636.552,
        "0.30397": 1035.154,
        "0.30398": 1035.121,
        "0.304": 4141.545,
        "0.30409": 477.57,
        "0.30418": 477.428,
        "0.30419": 318.529,
        "0.30421": 318.509,
        "0.30422": 636.998,
        "0.30427": 636.892,
        "0.30443": 318.276
    },
    "asks": {
        "0.30493": 317.757,
        "0.30495": 317.736,
        "0.30498": 317.705,
        "0.30499": 317.695,
        "0.30505": 317.629,
        "0.30511": 317.567,
        "0.30512": 317.556,
        "0.30516": 755.107,
        "0.30517": 476.635,
        "0.30521": 698.872,
        "0.30522": 1032.541,
        "0.30523": 466.081,
        "0.30525": 476.51,
        "0.30529": 1032.294,
        "0.30532": 1032.193,
        "0.30533": 476.38,
        "0.3055": 1747.146,
        "0.30551": 317.154,
        "0.30553": 635.278,
        "0.30554": 317.12,
        "0.30555": 317.112,
        "0.30558": 387.632,
        "0.30565": 387.539,
        "0.30567": 316.985,
        "0.30568": 2920.515,
        "0.30572": 794.237,
        "0.30574": 528.55,
        "0.30575": 528.533,
        "0.30578": 457.911,
        "0.30579": 2461.547,
        "0.3058": 2461.462,
        "0.30582": 599.004,
        "0.30586": 669.501,
        "0.30588": 669.475,
        "0.3059": 528.256,
        "0.30592": 3177.359,
        "0.30595": 793.63,
        "0.30607": 880.924,
        "0.30608": 952.701,
        "0.30611": 739.559,
        "0.30613": 951.432,
        "0.30614": 951.398,
        "0.30616": 951.36,
        "0.30635": 950.735,
        "0.31884": 3140.29,
        "0.36": 12.288,
        "0.37": 12.288,
        "0.38": 12.288,
        "0.39": 12.288,
        "0.4": 12.288,
        "0.41": 12.288,
        "0.42": 12.288,
        "0.43": 12.285,
        "0.44": 12.285,
        "0.45": 967.231,
        "0.46": 12.285,
        "0.462": 10.276,
        "0.47": 12.285,
        "0.474": 10.276,
        "0.48": 12.285,
        "0.48411": 121.26,
        "0.486": 10.276,
        "0.49": 12.285,
        "0.498": 10.276,
        "0.5": 12.285,
        "0.51": 22.559,
        "0.52": 12.285,
        "0.522": 10.274,
        "0.53": 12.285,
        "0.534": 10.274,
        "0.54": 12.285,
        "0.546": 10.274,
        "0.55": 12.285,
        "0.558": 10.274,
        "0.57": 10.274,
        "0.6": 10.0,
        "0.75": 3466.818,
        "1.0": 14.027,
        "1.5": 15.818,
        "1.6": 538.545,
        "2.0": 333.067,
        "2.67": 314.878,
        "3.0": 861.378,
        "4.62": 1427.171,
        "5.0": 5189.967,
        "6.14": 3144.829,
        "10.0": 23.995
    },
    "ts": "1739194168502"
}