{
    "bids": {
        "0.0001109": 5400756.0,
        "0.000111": 5400756.0,
        "0.0001111": 7568987.0
    },
    "asks": {
        "0.000113": 196990.0,
        "0.0001132": 5300565.0,
        "0.0001133": 5300565.0,
        "0.0001134": 5300565.0,
        "0.00021": 1433588.0,
        "0.0008864": 1060.0,
        "0.00097": 1153610.0,
        "0.0009724": 1019.0,
        "0.0019": 105494.0,
        "0.00295": 130417.0,
        "0.00298": 40000000.0,
        "0.0033": 3500000.0,
        "0.01101": 5000000.0,
        "0.02212": 45263.0,
        "0.09": 700000.0,
        "0.098": 1005112.0,
        "2000.0": 108323.0
    },
    "ts": "1739194168502"
}